row,col,data
1,2,1
1,3,1
1,4,1
4,1141,1
5,1,1
5,8,1
5,11,1
6,1,1
6,14,1
6,23,1
6,31,1
6,34,1
6,36,1
6,37,1
6,39,1
6,194,1
6,257,1
6,303,1
6,307,1
6,308,1
6,318,1
6,393,1
6,468,1
6,493,1
6,514,1
6,515,1
6,523,1
6,548,1
6,561,1
6,775,1
6,781,1
6,846,1
6,892,1
6,912,1
6,919,1
6,922,1
6,977,1
6,978,1
6,979,1
6,1041,1
6,1042,1
7,1,1
7,14,1
7,21,1
7,23,1
7,24,1
7,25,1
7,29,1
7,256,1
7,494,1
7,498,1
7,969,1
7,976,1
8,10,1
9,8,1
9,17,1
9,328,1
9,373,1
9,942,1
9,949,1
9,951,1
9,961,1
9,965,1
9,971,1
10,944,1
10,946,1
10,957,1
10,959,1
10,967,1
10,972,1
10,1001,1
10,1005,1
10,1009,1
11,12,1
12,1150,1
12,1151,1
13,11,1
13,19,1
13,76,1
13,1049,1
14,2,1
14,15,1
16,14,1
16,17,1
16,19,1
17,18,1
18,945,1
18,947,1
18,958,1
18,960,1
18,968,1
18,973,1
18,1002,1
18,1006,1
18,1010,1
19,20,1
20,1148,1
20,1149,1
21,3,1
21,4,1
22,21,1
22,47,1
22,316,1
22,395,1
22,1045,1
23,2,1
23,3,1
23,4,1
24,3,1
24,4,1
25,26,1
26,28,1
26,29,1
27,25,1
27,73,1
27,94,1
27,276,1
27,327,1
27,392,1
27,1047,1
27,1048,1
28,7,1
28,27,1
29,3,1
29,4,1
29,27,1
30,29,1
30,34,1
30,41,1
30,44,1
30,46,1
30,47,1
30,50,1
30,54,1
30,65,1
30,66,1
30,67,1
30,69,1
30,71,1
30,73,1
30,75,1
30,76,1
30,77,1
30,79,1
30,83,1
30,86,1
30,90,1
30,92,1
30,95,1
30,104,1
30,112,1
30,114,1
30,123,1
30,141,1
30,142,1
30,144,1
30,151,1
30,165,1
30,176,1
30,177,1
30,192,1
30,197,1
30,200,1
30,202,1
30,203,1
30,206,1
30,207,1
30,214,1
30,216,1
30,217,1
30,218,1
30,219,1
30,220,1
30,221,1
30,223,1
30,225,1
30,252,1
30,253,1
30,256,1
30,264,1
30,271,1
30,274,1
30,285,1
30,287,1
30,289,1
30,304,1
30,305,1
30,311,1
30,363,1
30,367,1
30,368,1
30,370,1
30,372,1
30,373,1
30,374,1
30,376,1
30,378,1
30,380,1
30,382,1
30,384,1
30,386,1
30,387,1
30,388,1
30,389,1
30,390,1
30,471,1
30,473,1
30,474,1
30,483,1
30,484,1
30,486,1
30,502,1
30,505,1
30,521,1
30,531,1
30,545,1
30,547,1
30,556,1
30,557,1
30,558,1
30,559,1
30,560,1
30,563,1
30,565,1
30,616,1
30,617,1
30,621,1
30,622,1
30,624,1
30,627,1
30,630,1
30,632,1
30,633,1
30,634,1
30,636,1
30,638,1
30,655,1
30,656,1
30,657,1
30,658,1
30,659,1
30,683,1
30,685,1
30,686,1
30,688,1
30,689,1
30,690,1
30,692,1
30,693,1
30,695,1
30,698,1
30,746,1
30,748,1
30,750,1
30,751,1
30,752,1
30,753,1
30,754,1
30,755,1
30,764,1
30,765,1
30,769,1
30,773,1
30,777,1
30,779,1
30,783,1
30,785,1
30,786,1
30,787,1
30,789,1
30,798,1
30,800,1
30,801,1
30,802,1
30,803,1
30,804,1
30,811,1
30,825,1
30,826,1
30,827,1
30,828,1
30,829,1
30,830,1
30,831,1
30,832,1
30,834,1
30,835,1
30,837,1
30,838,1
30,839,1
30,848,1
30,850,1
30,861,1
30,862,1
30,863,1
30,864,1
30,870,1
30,876,1
30,884,1
30,889,1
30,891,1
30,894,1
30,904,1
30,906,1
30,911,1
30,914,1
30,918,1
30,921,1
30,946,1
30,947,1
31,2,1
31,32,1
32,37,1
32,75,1
32,80,1
32,87,1
32,93,1
32,99,1
32,146,1
32,248,1
32,281,1
32,283,1
32,312,1
32,315,1
32,325,1
32,401,1
32,444,1
32,451,1
32,489,1
32,497,1
32,793,1
32,797,1
32,817,1
32,821,1
32,902,1
32,907,1
32,913,1
32,937,1
32,1044,1
33,31,1
33,48,1
33,57,1
33,58,1
33,77,1
33,85,1
33,102,1
33,106,1
33,107,1
33,110,1
33,116,1
33,118,1
33,121,1
33,125,1
33,128,1
33,131,1
33,132,1
33,133,1
33,135,1
33,136,1
33,139,1
33,149,1
33,268,1
33,314,1
33,324,1
33,400,1
33,439,1
33,463,1
33,476,1
33,488,1
33,496,1
33,506,1
33,526,1
33,532,1
33,533,1
33,598,1
33,600,1
33,601,1
33,603,1
33,604,1
33,606,1
33,607,1
33,609,1
33,642,1
33,643,1
33,648,1
33,649,1
33,652,1
33,653,1
33,665,1
33,666,1
33,671,1
33,672,1
33,676,1
33,677,1
33,679,1
33,681,1
33,703,1
33,704,1
33,708,1
33,709,1
33,713,1
33,714,1
33,716,1
33,717,1
33,720,1
33,721,1
33,740,1
33,741,1
33,742,1
33,743,1
33,760,1
33,761,1
33,762,1
33,763,1
33,767,1
33,771,1
33,791,1
33,795,1
33,806,1
33,807,1
33,814,1
33,815,1
33,816,1
33,820,1
33,844,1
33,854,1
33,880,1
33,901,1
33,908,1
33,926,1
33,930,1
33,934,1
33,1142,1
34,2,1
34,35,1
35,36,1
35,46,1
35,48,1
35,49,1
35,60,1
35,80,1
35,84,1
35,156,1
35,158,1
35,159,1
35,160,1
35,161,1
35,163,1
35,182,1
35,184,1
35,185,1
35,187,1
35,189,1
35,260,1
35,262,1
35,306,1
35,319,1
35,320,1
35,321,1
35,396,1
35,397,1
35,399,1
35,469,1
35,475,1
35,509,1
35,527,1
35,534,1
35,535,1
35,573,1
35,575,1
35,577,1
35,579,1
35,645,1
35,650,1
35,654,1
35,664,1
35,673,1
35,674,1
35,680,1
35,682,1
35,701,1
35,707,1
35,712,1
35,715,1
35,718,1
35,726,1
35,728,1
35,758,1
35,759,1
35,768,1
35,772,1
35,792,1
35,796,1
35,805,1
35,808,1
35,809,1
35,819,1
35,836,1
35,842,1
35,852,1
35,879,1
35,897,1
35,910,1
35,924,1
35,928,1
35,932,1
35,936,1
36,2,1
36,30,1
37,2,1
37,38,1
38,84,1
38,85,1
38,86,1
38,87,1
38,93,1
38,94,1
38,98,1
38,140,1
38,150,1
38,169,1
38,201,1
38,204,1
38,205,1
38,226,1
38,247,1
38,255,1
38,275,1
38,313,1
38,448,1
38,513,1
38,516,1
38,519,1
38,525,1
38,530,1
38,540,1
38,541,1
38,549,1
38,550,1
38,722,1
38,738,1
38,739,1
38,782,1
38,822,1
38,833,1
38,857,1
38,881,1
38,887,1
38,890,1
38,893,1
38,896,1
38,909,1
38,915,1
38,938,1
38,939,1
38,940,1
38,1053,1
38,1054,1
39,2,1
39,27,1
39,35,1
40,39,1
40,57,1
40,58,1
40,60,1
40,62,1
40,64,1
40,65,1
40,152,1
40,154,1
40,166,1
40,168,1
40,170,1
40,171,1
40,172,1
40,173,1
40,174,1
40,175,1
40,212,1
40,213,1
40,228,1
40,229,1
40,248,1
40,365,1
40,421,1
40,511,1
40,528,1
40,536,1
40,537,1
40,594,1
40,595,1
40,596,1
40,597,1
40,734,1
40,735,1
40,823,1
40,858,1
40,882,1
40,916,1
40,917,1
41,42,1
41,43,1
42,291,1
42,490,1
42,492,1
42,499,1
42,500,1
42,941,1
42,948,1
42,950,1
42,997,1
43,272,1
43,273,1
43,302,1
43,303,1
43,305,1
43,306,1
43,309,1
43,312,1
43,313,1
43,314,1
43,315,1
43,316,1
43,326,1
43,327,1
43,398,1
43,415,1
44,22,1
44,45,1
46,42,1
47,35,1
47,42,1
48,30,1
48,32,1
49,22,1
49,45,1
50,35,1
50,51,1
50,52,1
53,50,1
53,487,1
53,495,1
54,40,1
54,42,1
54,55,1
56,54,1
56,299,1
56,300,1
56,301,1
56,391,1
57,27,1
57,32,1
57,35,1
58,59,1
59,557,1
59,1152,1
60,61,1
61,66,1
61,67,1
61,422,1
61,1046,1
62,27,1
62,63,1
63,92,1
63,426,1
64,27,1
64,35,1
65,27,1
65,35,1
65,63,1
66,40,1
66,42,1
67,27,1
67,30,1
67,42,1
68,69,1
68,71,1
68,1138,1
69,42,1
69,70,1
70,132,1
70,159,1
70,172,1
70,231,1
70,237,1
71,30,1
71,42,1
71,72,1
72,203,1
72,205,1
72,1013,1
72,1067,1
73,35,1
73,42,1
73,53,1
73,74,1
75,13,1
76,38,1
76,42,1
77,78,1
78,79,1
78,1050,1
79,32,1
79,42,1
80,81,1
81,82,1
81,83,1
81,1051,1
81,1052,1
82,32,1
82,35,1
83,32,1
83,42,1
84,30,1
84,32,1
85,32,1
86,32,1
86,35,1
87,88,1
88,89,1
88,941,1
88,942,1
88,943,1
88,944,1
88,945,1
88,1055,1
89,32,1
89,38,1
90,35,1
90,42,1
90,51,1
91,90,1
91,420,1
92,27,1
92,35,1
93,32,1
93,33,1
94,13,1
94,35,1
94,53,1
94,74,1
95,27,1
95,35,1
95,42,1
95,53,1
95,74,1
95,96,1
96,99,1
96,102,1
96,208,1
96,209,1
96,210,1
96,211,1
96,227,1
96,228,1
96,229,1
96,230,1
96,231,1
96,232,1
96,233,1
96,234,1
96,235,1
96,236,1
96,237,1
96,238,1
96,239,1
96,240,1
96,241,1
96,242,1
96,243,1
96,244,1
96,245,1
96,246,1
96,512,1
96,529,1
96,538,1
96,539,1
96,736,1
96,737,1
96,836,1
96,883,1
97,95,1
97,98,1
97,277,1
97,1056,1
97,1057,1
98,13,1
98,96,1
99,100,1
100,101,1
100,1058,1
101,32,1
101,96,1
102,32,1
102,40,1
102,51,1
103,104,1
103,226,1
103,279,1
103,423,1
104,42,1
104,105,1
105,106,1
105,107,1
105,166,1
105,178,1
105,180,1
105,182,1
105,242,1
105,244,1
105,424,1
106,32,1
106,35,1
106,97,1
107,108,1
108,558,1
108,1153,1
109,110,1
109,168,1
109,179,1
109,181,1
109,184,1
109,243,1
109,245,1
109,425,1
110,32,1
110,35,1
110,97,1
111,112,1
111,114,1
111,280,1
111,429,1
111,430,1
112,113,1
113,135,1
113,136,1
113,161,1
113,174,1
113,233,1
113,241,1
114,115,1
115,116,1
115,118,1
115,152,1
115,185,1
115,208,1
115,210,1
116,32,1
116,35,1
116,117,1
117,144,1
117,150,1
117,1059,1
118,119,1
119,560,1
119,1155,1
120,121,1
120,154,1
120,187,1
120,209,1
120,211,1
121,27,1
121,32,1
121,35,1
121,97,1
122,123,1
122,140,1
122,436,1
123,124,1
124,125,1
124,128,1
124,156,1
124,170,1
124,230,1
124,236,1
125,32,1
125,35,1
125,40,1
125,97,1
125,109,1
125,113,1
125,115,1
125,117,1
125,126,1
125,127,1
126,151,1
126,278,1
126,431,1
126,1060,1
126,1061,1
127,165,1
127,169,1
127,1062,1
128,129,1
129,141,1
129,1021,1
129,1080,1
130,131,1
130,158,1
130,171,1
130,234,1
130,239,1
131,27,1
131,32,1
131,97,1
131,117,1
132,27,1
132,32,1
132,96,1
133,32,1
133,96,1
133,97,1
133,129,1
134,133,1
134,160,1
134,173,1
134,232,1
134,238,1
135,32,1
135,35,1
135,126,1
136,137,1
137,559,1
137,1154,1
138,139,1
138,163,1
138,175,1
138,235,1
138,240,1
139,27,1
139,32,1
139,97,1
140,13,1
140,124,1
141,42,1
141,130,1
142,40,1
142,42,1
142,51,1
143,142,1
143,428,1
144,42,1
144,145,1
145,146,1
145,149,1
145,189,1
145,212,1
145,213,1
145,246,1
146,147,1
147,148,1
148,32,1
148,145,1
149,32,1
149,109,1
149,113,1
149,115,1
150,13,1
150,145,1
151,42,1
151,70,1
152,27,1
152,35,1
152,63,1
152,117,1
152,153,1
153,177,1
154,27,1
154,35,1
154,63,1
154,97,1
154,117,1
154,153,1
154,155,1
155,206,1
155,207,1
155,1072,1
156,157,1
157,219,1
157,1077,1
158,129,1
159,27,1
159,30,1
159,68,1
159,96,1
160,30,1
160,68,1
160,96,1
160,97,1
161,162,1
162,218,1
162,1076,1
163,164,1
164,214,1
164,1073,1
165,42,1
165,134,1
166,27,1
166,35,1
166,63,1
166,97,1
166,167,1
167,176,1
167,427,1
168,27,1
168,35,1
168,63,1
168,97,1
168,167,1
169,13,1
169,134,1
170,27,1
170,35,1
170,63,1
170,97,1
170,109,1
170,113,1
170,115,1
170,117,1
170,126,1
170,127,1
170,153,1
171,27,1
171,32,1
171,35,1
171,63,1
171,97,1
171,117,1
171,124,1
171,153,1
172,27,1
172,35,1
172,63,1
172,72,1
172,96,1
172,155,1
173,27,1
173,35,1
173,63,1
173,96,1
173,97,1
173,127,1
173,153,1
174,27,1
174,35,1
174,63,1
174,126,1
174,153,1
175,27,1
175,32,1
175,35,1
175,63,1
175,97,1
175,117,1
175,153,1
176,35,1
176,97,1
177,35,1
177,117,1
178,35,1
178,97,1
179,35,1
179,97,1
180,97,1
180,167,1
181,97,1
181,167,1
182,183,1
183,216,1
183,1074,1
184,183,1
185,186,1
186,217,1
186,1075,1
187,188,1
188,221,1
188,1078,1
189,6,1
189,30,1
189,109,1
189,113,1
189,115,1
189,190,1
189,191,1
191,220,1
191,1079,1
192,120,1
193,192,1
193,194,1
193,201,1
193,437,1
193,438,1
194,2,1
194,27,1
194,30,1
194,35,1
194,40,1
194,53,1
194,56,1
194,74,1
194,97,1
194,195,1
194,196,1
195,495,1
195,496,1
195,497,1
195,498,1
195,499,1
195,500,1
196,487,1
196,488,1
196,489,1
196,490,1
196,492,1
196,493,1
196,494,1
197,27,1
197,35,1
197,51,1
197,53,1
197,74,1
197,91,1
197,198,1
198,202,1
198,204,1
198,1011,1
198,1064,1
198,1065,1
198,1066,1
199,197,1
199,200,1
199,1063,1
200,30,1
200,53,1
200,74,1
200,91,1
201,138,1
202,35,1
202,53,1
202,74,1
203,53,1
203,74,1
203,96,1
204,13,1
204,35,1
204,53,1
204,74,1
205,13,1
205,53,1
205,74,1
205,96,1
206,35,1
206,72,1
207,30,1
207,40,1
207,51,1
207,53,1
207,74,1
207,91,1
207,143,1
208,35,1
208,40,1
208,117,1
209,27,1
209,35,1
209,40,1
209,97,1
210,117,1
210,143,1
211,117,1
211,143,1
211,155,1
212,27,1
212,35,1
212,109,1
212,113,1
212,115,1
213,27,1
214,138,1
214,215,1
215,486,1
215,1159,1
216,97,1
216,109,1
217,115,1
217,117,1
218,113,1
218,126,1
219,117,1
219,124,1
220,145,1
221,120,1
221,155,1
222,223,1
222,1018,1
223,30,1
224,225,1
224,1081,1
225,96,1
226,13,1
226,105,1
227,40,1
228,27,1
228,35,1
228,40,1
229,27,1
229,143,1
230,35,1
230,40,1
230,97,1
230,109,1
230,113,1
230,115,1
230,117,1
230,126,1
230,127,1
231,27,1
231,40,1
231,96,1
232,40,1
232,96,1
232,97,1
233,35,1
233,40,1
233,126,1
234,27,1
234,32,1
234,40,1
234,97,1
234,117,1
234,124,1
235,27,1
235,32,1
235,40,1
235,97,1
236,127,1
236,143,1
237,72,1
237,143,1
238,127,1
238,143,1
239,32,1
239,117,1
239,143,1
240,32,1
240,117,1
240,143,1
241,126,1
241,143,1
242,35,1
242,40,1
242,97,1
243,35,1
243,40,1
243,97,1
244,97,1
244,143,1
245,97,1
245,143,1
246,40,1
246,109,1
246,113,1
246,115,1
247,32,1
248,249,1
249,250,1
249,1136,1
249,1137,1
250,32,1
250,40,1
251,252,1
251,253,1
251,255,1
252,7,1
252,27,1
252,40,1
253,7,1
253,40,1
253,254,1
255,7,1
255,13,1
255,27,1
255,40,1
256,3,1
256,4,1
256,35,1
257,2,1
257,258,1
258,260,1
258,265,1
258,266,1
258,268,1
258,274,1
258,283,1
258,326,1
258,411,1
258,412,1
258,413,1
258,454,1
258,455,1
258,456,1
258,1083,1
259,257,1
259,262,1
259,269,1
259,275,1
259,276,1
259,277,1
259,278,1
259,279,1
259,280,1
259,281,1
259,438,1
260,261,1
261,272,1
261,970,1
261,971,1
261,972,1
261,973,1
261,974,1
261,975,1
261,976,1
261,1084,1
262,263,1
263,264,1
263,273,1
263,331,1
263,952,1
263,964,1
263,966,1
263,970,1
263,977,1
263,980,1
263,981,1
264,42,1
264,259,1
265,259,1
266,267,1
267,271,1
267,1082,1
268,32,1
268,259,1
269,38,1
269,267,1
270,269,1
270,948,1
270,949,1
270,1085,1
270,1086,1
271,259,1
271,261,1
272,30,1
272,258,1
273,30,1
273,259,1
274,35,1
274,259,1
275,32,1
275,258,1
276,35,1
276,53,1
276,74,1
276,263,1
277,96,1
277,263,1
278,70,1
278,263,1
279,105,1
279,263,1
280,115,1
280,263,1
281,282,1
282,1087,1
283,270,1
284,285,1
284,338,1
284,1088,1
285,259,1
286,287,1
286,337,1
286,1089,1
287,259,1
288,289,1
288,336,1
288,1090,1
289,35,1
289,42,1
289,259,1
290,291,1
290,292,1
290,293,1
290,294,1
290,297,1
290,298,1
290,299,1
290,300,1
290,301,1
290,307,1
290,308,1
290,328,1
290,331,1
290,333,1
290,335,1
290,336,1
290,337,1
290,338,1
290,340,1
290,342,1
290,344,1
290,346,1
290,348,1
290,350,1
290,352,1
290,354,1
290,356,1
290,358,1
290,360,1
290,362,1
291,30,1
292,43,1
293,43,1
294,30,1
294,295,1
295,317,1
295,318,1
295,319,1
295,320,1
295,321,1
296,297,1
296,298,1
296,1139,1
298,33,1
299,30,1
299,40,1
299,55,1
300,27,1
300,55,1
301,27,1
301,35,1
301,55,1
301,295,1
302,6,1
302,190,1
303,2,1
304,42,1
304,295,1
305,295,1
306,30,1
307,2,1
308,2,1
308,43,1
309,7,1
309,53,1
309,74,1
310,309,1
310,311,1
310,1140,1
311,7,1
311,51,1
312,33,1
313,32,1
314,32,1
315,38,1
316,30,1
316,35,1
317,35,1
318,2,1
318,30,1
319,30,1
320,42,1
320,43,1
322,323,1
322,324,1
322,325,1
323,33,1
323,43,1
324,43,1
325,43,1
325,296,1
326,259,1
327,30,1
327,35,1
327,53,1
327,74,1
328,30,1
328,43,1
328,295,1
328,329,1
328,330,1
329,365,1
329,367,1
329,368,1
329,398,1
329,399,1
329,400,1
329,401,1
329,402,1
329,403,1
329,404,1
329,407,1
329,411,1
329,412,1
329,413,1
329,464,1
329,465,1
329,466,1
329,1095,1
330,391,1
330,392,1
330,393,1
330,394,1
330,395,1
330,396,1
330,397,1
330,405,1
330,409,1
330,410,1
330,416,1
330,417,1
330,420,1
330,421,1
330,422,1
330,423,1
330,424,1
330,425,1
330,426,1
330,427,1
330,428,1
330,429,1
330,430,1
330,431,1
330,433,1
330,436,1
330,437,1
331,30,1
331,43,1
331,258,1
331,259,1
331,295,1
332,333,1
332,363,1
332,1094,1
333,43,1
333,329,1
333,330,1
334,335,1
334,1103,1
335,43,1
335,329,1
335,330,1
336,40,1
336,258,1
336,259,1
337,43,1
337,258,1
337,259,1
338,43,1
338,258,1
338,259,1
339,340,1
339,387,1
339,1112,1
340,43,1
340,329,1
340,330,1
341,342,1
341,1104,1
342,43,1
342,329,1
342,330,1
343,344,1
343,1105,1
344,43,1
344,329,1
344,330,1
345,346,1
345,1114,1
346,43,1
346,258,1
346,259,1
346,329,1
346,330,1
347,348,1
347,1113,1
348,43,1
348,258,1
349,350,1
349,388,1
349,1110,1
350,43,1
350,329,1
350,330,1
351,352,1
351,389,1
351,1111,1
352,43,1
352,329,1
353,354,1
353,390,1
353,1109,1
354,43,1
354,329,1
354,330,1
355,356,1
355,1106,1
356,43,1
356,329,1
356,330,1
357,358,1
357,1107,1
358,43,1
358,329,1
358,330,1
359,360,1
359,1108,1
360,43,1
360,329,1
361,362,1
361,1115,1
362,43,1
362,258,1
362,259,1
363,330,1
363,364,1
364,374,1
364,965,1
364,966,1
364,967,1
364,968,1
364,969,1
364,1101,1
365,27,1
365,35,1
365,366,1
366,406,1
366,409,1
366,410,1
366,1116,1
367,35,1
367,330,1
368,9,1
369,370,1
369,1096,1
370,364,1
371,372,1
371,408,1
371,1097,1
372,364,1
372,366,1
373,42,1
373,330,1
374,42,1
374,329,1
375,376,1
375,959,1
375,960,1
375,961,1
375,962,1
375,963,1
375,964,1
375,1098,1
376,32,1
376,364,1
377,378,1
377,415,1
377,416,1
377,950,1
377,951,1
377,952,1
377,953,1
377,955,1
377,957,1
377,958,1
377,1099,1
377,1100,1
378,38,1
378,364,1
379,380,1
379,417,1
379,1091,1
380,35,1
380,42,1
380,330,1
381,382,1
381,418,1
381,1092,1
382,35,1
382,330,1
383,384,1
383,419,1
384,35,1
384,330,1
385,386,1
385,1102,1
386,42,1
386,330,1
387,42,1
387,330,1
388,42,1
388,330,1
389,42,1
389,330,1
390,42,1
390,330,1
391,9,1
391,40,1
391,55,1
392,9,1
392,35,1
392,53,1
392,74,1
393,2,1
393,329,1
394,9,1
394,295,1
395,9,1
395,35,1
396,9,1
397,30,1
397,329,1
398,330,1
399,364,1
400,32,1
400,330,1
401,377,1
402,332,1
403,330,1
403,366,1
404,330,1
404,369,1
405,366,1
406,330,1
407,371,1
408,329,1
409,332,1
410,329,1
411,259,1
411,369,1
412,259,1
412,366,1
413,414,1
414,1093,1
415,38,1
415,329,1
416,38,1
416,332,1
417,9,1
417,35,1
417,53,1
417,74,1
418,9,1
418,35,1
418,53,1
418,74,1
418,330,1
419,9,1
419,35,1
419,53,1
419,74,1
419,330,1
420,9,1
420,42,1
420,51,1
421,27,1
421,35,1
421,329,1
422,9,1
422,40,1
423,9,1
423,105,1
424,35,1
424,97,1
424,329,1
425,35,1
425,97,1
425,329,1
426,9,1
426,27,1
426,35,1
427,9,1
427,97,1
428,9,1
428,40,1
428,51,1
429,9,1
429,113,1
430,9,1
430,115,1
431,9,1
431,70,1
432,433,1
432,561,1
432,563,1
432,565,1
432,566,1
432,570,1
432,722,1
433,9,1
433,434,1
433,435,1
434,573,1
434,575,1
434,581,1
434,582,1
434,585,1
434,587,1
434,588,1
434,593,1
434,594,1
434,595,1
434,598,1
434,600,1
434,601,1
434,603,1
435,577,1
435,579,1
435,583,1
435,584,1
435,586,1
435,587,1
435,591,1
435,593,1
435,596,1
435,597,1
435,604,1
435,606,1
435,607,1
435,609,1
436,9,1
436,124,1
437,9,1
437,120,1
438,120,1
438,263,1
439,440,1
440,442,1
440,1121,1
441,439,1
441,444,1
441,453,1
441,454,1
441,468,1
441,469,1
442,33,1
442,443,1
443,448,1
443,471,1
443,1117,1
444,445,1
445,446,1
445,447,1
445,998,1
445,1000,1
445,1001,1
445,1002,1
445,1122,1
446,32,1
446,441,1
447,32,1
447,443,1
448,441,1
448,449,1
449,452,1
449,453,1
449,997,1
449,1003,1
449,1004,1
449,1005,1
449,1006,1
449,1123,1
450,451,1
450,455,1
450,456,1
450,458,1
450,464,1
450,465,1
450,466,1
450,475,1
450,476,1
450,477,1
450,478,1
450,1119,1
451,449,1
452,32,1
452,450,1
453,38,1
453,443,1
454,259,1
454,450,1
455,259,1
455,441,1
456,259,1
456,457,1
457,458,1
457,460,1
457,463,1
457,1120,1
458,459,1
459,991,1
459,992,1
459,993,1
459,1133,1
460,461,1
461,462,1
461,994,1
461,995,1
461,996,1
461,1132,1
462,457,1
463,32,1
463,450,1
464,369,1
464,441,1
465,330,1
465,441,1
466,467,1
467,1135,1
468,2,1
468,450,1
469,470,1
470,473,1
470,982,1
470,984,1
470,986,1
471,441,1
471,472,1
472,474,1
472,1007,1
472,1008,1
472,1009,1
472,1010,1
472,1118,1
473,42,1
473,441,1
474,42,1
474,450,1
475,472,1
476,32,1
476,441,1
477,441,1
477,457,1
478,479,1
479,480,1
479,481,1
479,988,1
479,989,1
479,990,1
479,1124,1
480,450,1
481,441,1
481,457,1
482,483,1
482,1125,1
483,40,1
483,42,1
483,441,1
484,27,1
484,32,1
484,51,1
485,484,1
485,833,1
485,1144,1
486,32,1
486,72,1
487,27,1
487,52,1
488,27,1
488,32,1
489,27,1
489,38,1
490,22,1
490,27,1
490,45,1
490,91,1
490,491,1
491,835,1
491,1156,1
492,22,1
492,27,1
492,45,1
492,91,1
492,491,1
493,2,1
493,27,1
494,3,1
494,4,1
494,27,1
495,52,1
495,97,1
496,32,1
496,97,1
497,38,1
497,97,1
498,3,1
498,4,1
498,97,1
499,22,1
499,45,1
499,97,1
500,143,1
501,502,1
501,514,1
501,516,1
502,503,1
503,506,1
503,509,1
503,511,1
503,512,1
503,513,1
504,505,1
504,515,1
504,519,1
505,503,1
506,27,1
506,32,1
506,35,1
506,91,1
506,117,1
506,126,1
506,127,1
506,507,1
506,508,1
507,545,1
507,550,1
507,1022,1
507,1145,1
508,547,1
508,548,1
508,549,1
508,1023,1
508,1146,1
509,510,1
510,531,1
510,1143,1
511,27,1
511,35,1
511,63,1
511,117,1
511,127,1
511,153,1
512,35,1
512,40,1
512,117,1
512,127,1
513,32,1
513,35,1
513,117,1
513,127,1
514,2,1
514,22,1
514,30,1
514,35,1
514,45,1
514,53,1
514,74,1
514,117,1
514,127,1
514,134,1
515,2,1
515,22,1
515,30,1
515,35,1
515,45,1
515,53,1
515,74,1
515,117,1
515,127,1
515,134,1
516,517,1
516,518,1
517,532,1
517,534,1
517,536,1
517,538,1
517,540,1
517,542,1
517,543,1
518,533,1
518,535,1
518,537,1
518,539,1
518,541,1
518,543,1
518,544,1
519,517,1
519,518,1
520,521,1
520,523,1
520,525,1
521,522,1
522,526,1
522,527,1
522,528,1
522,529,1
522,530,1
523,2,1
523,22,1
523,27,1
523,30,1
523,35,1
523,45,1
523,53,1
523,74,1
523,91,1
523,109,1
523,134,1
523,193,1
523,524,1
524,777,1
524,779,1
524,781,1
524,782,1
524,1071,1
525,517,1
525,518,1
526,27,1
526,32,1
526,35,1
526,117,1
526,127,1
526,155,1
526,193,1
526,508,1
527,510,1
528,27,1
528,35,1
528,63,1
528,153,1
528,193,1
528,524,1
529,27,1
529,35,1
529,40,1
529,193,1
529,524,1
530,27,1
530,32,1
530,35,1
530,193,1
530,524,1
531,117,1
531,124,1
531,127,1
532,32,1
532,35,1
532,507,1
533,27,1
533,32,1
533,117,1
533,127,1
534,507,1
534,508,1
535,507,1
535,508,1
536,27,1
536,35,1
536,507,1
536,508,1
537,27,1
537,32,1
537,35,1
537,63,1
537,117,1
537,127,1
537,153,1
537,507,1
537,508,1
538,35,1
538,40,1
538,507,1
538,508,1
539,27,1
539,32,1
539,40,1
539,117,1
539,127,1
540,32,1
540,35,1
540,507,1
540,508,1
541,27,1
541,32,1
541,117,1
541,127,1
542,35,1
542,507,1
542,508,1
543,27,1
543,32,1
543,35,1
543,117,1
543,127,1
543,507,1
543,508,1
544,27,1
544,32,1
544,117,1
544,127,1
544,507,1
544,508,1
545,546,1
546,556,1
546,1024,1
546,1147,1
547,546,1
548,2,1
548,546,1
549,546,1
550,546,1
551,13,1
551,552,1
553,551,1
554,13,1
554,552,1
555,554,1
556,38,1
556,155,1
557,27,1
557,32,1
558,32,1
558,97,1
559,32,1
559,126,1
560,32,1
560,117,1
561,2,1
561,22,1
561,27,1
561,30,1
561,35,1
561,40,1
561,45,1
561,51,1
561,53,1
561,74,1
561,196,1
561,524,1
561,562,1
562,773,1
562,775,1
562,1068,1
562,1069,1
562,1070,1
563,434,1
563,564,1
565,435,1
565,564,1
566,27,1
566,30,1
566,35,1
566,53,1
566,72,1
566,74,1
566,96,1
566,564,1
566,567,1
566,568,1
566,569,1
567,616,1
567,1176,1
568,837,1
568,838,1
568,1157,1
569,610,1
569,1174,1
570,27,1
570,30,1
570,35,1
570,53,1
570,68,1
570,72,1
570,74,1
570,564,1
570,571,1
570,572,1
571,617,1
571,1177,1
572,614,1
572,1175,1
573,27,1
573,30,1
573,562,1
573,574,1
574,624,1
574,627,1
574,633,1
574,1170,1
575,576,1
576,636,1
576,1172,1
577,27,1
577,30,1
577,524,1
577,578,1
578,630,1
578,632,1
578,634,1
578,1171,1
579,580,1
580,638,1
580,1173,1
581,27,1
581,30,1
581,562,1
582,27,1
582,30,1
582,35,1
582,53,1
582,72,1
582,74,1
582,96,1
582,567,1
582,568,1
582,569,1
583,27,1
583,30,1
583,524,1
584,27,1
584,30,1
584,35,1
584,53,1
584,68,1
584,72,1
584,74,1
584,571,1
584,572,1
585,27,1
585,35,1
585,562,1
586,27,1
586,35,1
586,524,1
587,27,1
587,35,1
587,524,1
587,562,1
588,30,1
588,35,1
588,53,1
588,74,1
588,589,1
588,590,1
589,618,1
590,785,1
590,1162,1
591,30,1
591,35,1
591,53,1
591,74,1
591,589,1
591,592,1
592,786,1
592,1165,1
593,30,1
593,35,1
593,53,1
593,74,1
593,589,1
593,590,1
593,592,1
594,27,1
594,35,1
594,562,1
595,27,1
595,30,1
595,35,1
595,53,1
595,74,1
595,589,1
595,590,1
596,27,1
596,35,1
596,524,1
597,27,1
597,30,1
597,35,1
597,53,1
597,74,1
597,589,1
597,592,1
598,599,1
599,683,1
599,685,1
599,1028,1
599,1179,1
600,27,1
600,32,1
600,35,1
600,562,1
601,602,1
602,692,1
602,693,1
602,698,1
602,1030,1
602,1181,1
603,30,1
603,32,1
603,35,1
603,53,1
603,74,1
603,589,1
603,590,1
604,605,1
605,686,1
605,688,1
605,1029,1
605,1180,1
606,27,1
606,32,1
606,35,1
606,524,1
607,608,1
608,689,1
608,690,1
608,695,1
608,1027,1
608,1178,1
609,30,1
609,32,1
609,35,1
609,53,1
609,74,1
609,589,1
609,592,1
610,27,1
610,30,1
610,35,1
610,53,1
610,72,1
610,74,1
610,562,1
610,590,1
610,611,1
610,612,1
610,613,1
611,622,1
612,679,1
612,680,1
613,621,1
613,1031,1
614,27,1
614,30,1
614,35,1
614,53,1
614,72,1
614,74,1
614,524,1
614,592,1
614,611,1
614,613,1
614,615,1
615,681,1
615,682,1
616,30,1
616,53,1
616,74,1
616,562,1
616,590,1
616,613,1
617,30,1
617,53,1
617,74,1
617,524,1
617,592,1
617,613,1
618,30,1
618,35,1
618,51,1
618,53,1
618,72,1
618,74,1
618,590,1
618,592,1
618,619,1
618,620,1
619,668,1
619,669,1
619,671,1
619,672,1
619,673,1
620,660,1
620,662,1
620,664,1
620,665,1
620,666,1
621,27,1
621,30,1
621,53,1
621,72,1
621,74,1
621,155,1
622,35,1
622,53,1
622,74,1
622,623,1
623,800,1
623,1163,1
624,222,1
624,625,1
624,626,1
625,639,1
625,642,1
625,643,1
625,645,1
626,651,1
626,652,1
626,653,1
626,654,1
627,30,1
627,222,1
627,628,1
627,629,1
628,656,1
628,657,1
628,1014,1
629,658,1
629,659,1
629,1016,1
630,222,1
630,626,1
630,631,1
631,647,1
631,648,1
631,649,1
631,650,1
632,30,1
632,222,1
632,628,1
632,629,1
633,35,1
633,53,1
633,74,1
633,222,1
633,434,1
633,562,1
633,590,1
634,35,1
634,53,1
634,74,1
634,222,1
634,435,1
634,524,1
634,592,1
634,635,1
635,674,1
635,676,1
635,677,1
635,678,1
636,27,1
636,35,1
636,53,1
636,72,1
636,74,1
636,96,1
636,222,1
636,434,1
636,567,1
636,568,1
636,569,1
636,589,1
636,625,1
636,637,1
637,655,1
637,1017,1
638,27,1
638,35,1
638,53,1
638,68,1
638,72,1
638,74,1
638,222,1
638,435,1
638,571,1
638,572,1
638,589,1
638,631,1
638,637,1
639,30,1
639,640,1
639,641,1
640,830,1
640,1190,1
641,827,1
641,1187,1
641,1188,1
642,27,1
642,32,1
642,35,1
642,155,1
642,568,1
642,592,1
643,644,1
644,832,1
644,1036,1
644,1192,1
644,1193,1
645,27,1
645,30,1
645,155,1
645,568,1
645,592,1
645,646,1
646,829,1
646,1189,1
647,30,1
647,640,1
647,641,1
648,27,1
648,32,1
648,35,1
648,68,1
648,199,1
648,590,1
649,644,1
650,27,1
650,30,1
650,68,1
650,199,1
650,590,1
650,646,1
651,640,1
652,30,1
652,32,1
652,155,1
652,199,1
653,644,1
654,30,1
654,155,1
654,199,1
654,646,1
655,35,1
655,613,1
655,635,1
656,35,1
656,613,1
657,619,1
657,620,1
658,35,1
658,613,1
659,619,1
659,620,1
660,35,1
660,661,1
661,828,1
661,1191,1
662,30,1
662,53,1
662,74,1
662,663,1
663,801,1
664,30,1
664,53,1
664,72,1
664,74,1
664,199,1
664,641,1
664,663,1
665,32,1
665,35,1
665,53,1
665,72,1
665,74,1
665,199,1
665,663,1
666,667,1
667,831,1
667,1035,1
667,1194,1
667,1195,1
668,35,1
668,661,1
669,30,1
669,53,1
669,74,1
669,670,1
670,804,1
671,32,1
671,35,1
671,53,1
671,74,1
671,155,1
671,198,1
671,670,1
672,667,1
673,30,1
673,53,1
673,74,1
673,155,1
673,198,1
673,641,1
673,670,1
674,27,1
674,30,1
674,53,1
674,74,1
674,155,1
674,641,1
674,675,1
675,803,1
675,1160,1
676,667,1
677,27,1
677,32,1
677,35,1
677,53,1
677,74,1
677,155,1
677,675,1
678,30,1
678,35,1
678,53,1
678,74,1
678,155,1
679,30,1
679,32,1
679,51,1
679,562,1
680,30,1
680,51,1
680,562,1
681,30,1
681,32,1
681,51,1
681,524,1
682,30,1
682,51,1
682,524,1
683,684,1
684,700,1
684,701,1
684,703,1
684,704,1
685,32,1
685,628,1
685,629,1
686,687,1
687,706,1
687,707,1
687,708,1
687,709,1
688,32,1
688,628,1
688,629,1
689,32,1
689,637,1
690,691,1
691,710,1
691,712,1
691,713,1
691,714,1
692,32,1
692,637,1
693,694,1
694,711,1
694,715,1
694,716,1
694,717,1
695,35,1
695,53,1
695,74,1
695,696,1
695,697,1
696,789,1
696,1037,1
696,1169,1
697,764,1
697,765,1
697,1185,1
698,35,1
698,53,1
698,74,1
698,697,1
698,699,1
699,783,1
699,1020,1
699,1167,1
700,35,1
700,667,1
701,27,1
701,30,1
701,32,1
701,155,1
701,199,1
701,644,1
701,702,1
702,787,1
702,1038,1
702,1168,1
703,27,1
703,32,1
703,35,1
703,155,1
703,199,1
703,702,1
704,705,1
705,769,1
705,1034,1
705,1186,1
706,35,1
706,667,1
707,27,1
707,30,1
707,644,1
707,699,1
708,27,1
708,32,1
708,35,1
708,699,1
709,705,1
710,35,1
710,667,1
711,35,1
711,667,1
712,27,1
712,30,1
712,199,1
712,215,1
712,644,1
712,696,1
713,27,1
713,32,1
713,35,1
713,199,1
713,215,1
713,696,1
714,705,1
715,27,1
715,30,1
715,155,1
715,485,1
715,644,1
715,699,1
716,27,1
716,32,1
716,35,1
716,155,1
716,485,1
716,699,1
717,705,1
718,27,1
718,30,1
718,155,1
718,199,1
718,215,1
718,485,1
718,644,1
718,696,1
718,699,1
719,718,1
719,720,1
719,721,1
720,27,1
720,32,1
720,35,1
720,155,1
720,199,1
720,215,1
720,485,1
720,696,1
720,699,1
721,705,1
722,723,1
722,724,1
722,725,1
724,726,1
724,730,1
724,731,1
724,735,1
724,736,1
724,738,1
724,740,1
724,741,1
725,728,1
725,731,1
725,733,1
725,734,1
725,737,1
725,739,1
725,742,1
725,743,1
726,27,1
726,30,1
726,32,1
726,524,1
726,562,1
726,727,1
727,746,1
727,750,1
727,753,1
727,1033,1
727,1182,1
728,729,1
729,748,1
729,751,1
729,752,1
729,754,1
729,755,1
729,1032,1
729,1183,1
729,1184,1
730,27,1
730,32,1
730,524,1
730,562,1
730,697,1
730,727,1
731,27,1
731,32,1
731,35,1
731,524,1
731,562,1
731,608,1
731,697,1
731,727,1
731,732,1
732,744,1
732,745,1
733,35,1
733,602,1
733,608,1
733,697,1
733,732,1
734,27,1
734,35,1
734,63,1
734,602,1
734,608,1
734,697,1
734,732,1
735,27,1
735,32,1
735,35,1
735,63,1
735,524,1
735,562,1
735,697,1
735,727,1
736,27,1
736,32,1
736,40,1
736,524,1
736,562,1
737,35,1
737,40,1
737,697,1
737,732,1
738,27,1
738,32,1
738,524,1
738,562,1
739,32,1
739,35,1
739,697,1
739,732,1
740,27,1
740,32,1
740,524,1
740,562,1
741,705,1
742,32,1
742,35,1
742,697,1
742,732,1
743,705,1
744,35,1
744,697,1
745,719,1
746,719,1
746,747,1
747,757,1
747,758,1
747,760,1
747,761,1
748,749,1
749,756,1
749,759,1
749,762,1
749,763,1
750,30,1
750,644,1
751,30,1
751,644,1
752,32,1
752,613,1
753,724,1
754,725,1
755,30,1
755,697,1
756,30,1
756,667,1
757,30,1
757,644,1
757,667,1
758,27,1
758,30,1
758,32,1
758,68,1
758,155,1
758,199,1
758,215,1
758,485,1
758,568,1
758,590,1
758,592,1
758,644,1
758,696,1
758,699,1
759,27,1
759,30,1
759,68,1
759,215,1
759,485,1
759,568,1
759,644,1
759,696,1
759,699,1
760,27,1
760,30,1
760,32,1
760,35,1
760,68,1
760,155,1
760,199,1
760,215,1
760,485,1
760,568,1
760,590,1
760,592,1
760,696,1
760,699,1
761,705,1
762,27,1
762,30,1
762,32,1
762,35,1
762,68,1
762,215,1
762,485,1
762,568,1
762,696,1
762,699,1
763,705,1
764,32,1
764,613,1
765,35,1
765,53,1
765,74,1
765,696,1
765,699,1
765,766,1
766,767,1
766,768,1
767,32,1
767,35,1
767,51,1
767,53,1
767,74,1
767,215,1
767,485,1
768,30,1
768,51,1
768,53,1
768,74,1
768,215,1
768,485,1
769,32,1
769,644,1
769,770,1
770,771,1
770,772,1
771,32,1
771,35,1
771,199,1
771,215,1
771,485,1
772,30,1
772,32,1
772,199,1
772,215,1
772,485,1
772,705,1
773,774,1
774,805,1
774,806,1
774,807,1
775,2,1
775,22,1
775,27,1
775,30,1
775,35,1
775,45,1
775,53,1
775,72,1
775,74,1
775,96,1
775,196,1
775,776,1
776,834,1
776,1025,1
776,1158,1
777,35,1
777,53,1
777,68,1
777,74,1
777,778,1
778,808,1
778,813,1
778,814,1
778,815,1
779,780,1
780,809,1
780,816,1
780,817,1
781,2,1
781,27,1
781,30,1
781,53,1
781,72,1
781,74,1
781,96,1
781,196,1
782,13,1
782,30,1
782,53,1
782,74,1
782,215,1
782,780,1
783,27,1
783,32,1
783,38,1
783,72,1
783,91,1
783,96,1
783,776,1
783,784,1
784,802,1
784,1161,1
785,30,1
785,675,1
785,784,1
786,30,1
786,51,1
786,53,1
786,68,1
786,74,1
786,155,1
787,788,1
788,819,1
788,820,1
788,821,1
788,822,1
788,823,1
789,30,1
789,51,1
789,53,1
789,74,1
789,215,1
790,791,1
790,792,1
790,793,1
791,32,1
791,774,1
792,30,1
792,774,1
793,699,1
794,795,1
794,796,1
794,797,1
795,32,1
795,778,1
796,30,1
796,778,1
797,702,1
798,35,1
798,51,1
798,53,1
798,72,1
798,74,1
798,91,1
798,96,1
798,776,1
798,784,1
799,798,1
799,1164,1
800,30,1
800,53,1
800,72,1
800,74,1
801,35,1
801,675,1
801,784,1
802,30,1
802,72,1
803,35,1
803,53,1
803,74,1
803,96,1
804,35,1
804,53,1
804,74,1
804,155,1
804,784,1
805,27,1
805,30,1
805,72,1
805,96,1
805,199,1
805,590,1
805,675,1
806,27,1
806,32,1
806,35,1
806,72,1
806,96,1
806,199,1
807,699,1
808,27,1
808,30,1
808,53,1
808,72,1
808,74,1
808,155,1
808,592,1
809,6,1
809,27,1
809,30,1
809,40,1
809,51,1
809,53,1
809,74,1
809,96,1
809,190,1
809,810,1
810,811,1
810,1166,1
811,27,1
811,40,1
811,51,1
811,53,1
811,74,1
811,96,1
811,155,1
811,780,1
811,812,1
812,826,1
812,1026,1
813,30,1
813,53,1
813,74,1
813,155,1
814,27,1
814,32,1
814,35,1
814,53,1
814,72,1
814,74,1
814,155,1
815,702,1
816,27,1
816,32,1
816,40,1
816,51,1
816,53,1
816,74,1
816,96,1
817,818,1
818,824,1
818,825,1
819,6,1
819,30,1
819,32,1
819,51,1
819,155,1
819,190,1
819,696,1
819,702,1
820,32,1
820,51,1
820,155,1
821,32,1
821,818,1
822,32,1
822,51,1
822,155,1
823,27,1
823,32,1
823,35,1
823,51,1
823,155,1
823,696,1
824,32,1
824,780,1
825,38,1
825,53,1
825,74,1
825,155,1
825,812,1
826,72,1
826,91,1
826,96,1
827,35,1
827,53,1
827,74,1
827,592,1
827,663,1
827,670,1
828,35,1
828,53,1
828,74,1
828,619,1
828,620,1
828,623,1
828,675,1
828,784,1
829,30,1
829,640,1
829,641,1
830,30,1
830,51,1
830,590,1
830,592,1
831,32,1
831,53,1
831,74,1
831,590,1
831,592,1
832,27,1
832,32,1
832,35,1
832,667,1
832,719,1
832,766,1
832,799,1
833,13,1
833,32,1
833,96,1
834,51,1
834,96,1
835,27,1
835,35,1
835,91,1
836,6,1
836,30,1
836,40,1
836,51,1
836,143,1
836,190,1
836,224,1
837,27,1
837,30,1
837,53,1
837,74,1
838,30,1
838,198,1
839,30,1
839,840,1
840,842,1
840,844,1
841,839,1
842,35,1
842,843,1
844,33,1
844,845,1
846,2,1
846,27,1
846,196,1
847,846,1
847,848,1
848,849,1
849,852,1
849,854,1
849,857,1
849,858,1
850,35,1
850,53,1
850,74,1
850,91,1
850,198,1
851,850,1
852,853,1
853,862,1
853,863,1
853,1196,1
854,32,1
854,855,1
854,856,1
855,861,1
856,859,1
856,860,1
857,32,1
857,856,1
858,27,1
858,35,1
858,63,1
858,199,1
858,853,1
858,856,1
859,27,1
859,35,1
860,35,1
860,199,1
861,32,1
861,199,1
862,849,1
863,30,1
863,199,1
864,35,1
864,53,1
864,74,1
864,198,1
864,865,1
864,867,1
864,868,1
864,869,1
865,924,1
865,926,1
866,864,1
867,884,1
867,887,1
868,918,1
868,919,1
868,920,1
869,879,1
869,880,1
869,881,1
869,882,1
869,883,1
870,35,1
870,53,1
870,72,1
870,74,1
870,198,1
870,562,1
870,868,1
870,869,1
870,871,1
870,873,1
870,874,1
870,875,1
871,928,1
871,930,1
872,870,1
873,894,1
873,896,1
873,1197,1
874,889,1
874,890,1
875,921,1
875,922,1
875,923,1
876,35,1
876,53,1
876,72,1
876,74,1
876,198,1
876,562,1
876,868,1
876,869,1
876,873,1
876,874,1
876,875,1
876,877,1
877,932,1
877,934,1
878,876,1
879,30,1
879,35,1
880,32,1
880,35,1
881,32,1
881,35,1
882,27,1
882,35,1
883,35,1
883,40,1
884,35,1
884,198,1
884,868,1
884,869,1
884,885,1
884,886,1
885,891,1
885,892,1
885,893,1
886,912,1
886,913,1
887,13,1
887,886,1
887,888,1
888,914,1
888,915,1
888,1039,1
888,1200,1
889,35,1
889,869,1
889,875,1
889,885,1
889,886,1
890,13,1
890,869,1
890,875,1
890,886,1
890,888,1
891,868,1
891,869,1
891,886,1
892,2,1
892,30,1
892,35,1
892,199,1
892,868,1
893,13,1
893,868,1
893,869,1
893,886,1
893,888,1
894,895,1
895,897,1
895,901,1
895,902,1
895,917,1
896,13,1
896,895,1
897,6,1
897,30,1
897,51,1
897,190,1
897,898,1
897,899,1
897,900,1
898,904,1
898,1198,1
899,911,1
899,1199,1
900,907,1
900,908,1
900,909,1
900,910,1
900,916,1
901,32,1
901,51,1
901,900,1
902,903,1
903,905,1
903,906,1
904,895,1
905,32,1
905,895,1
906,32,1
906,51,1
906,899,1
907,38,1
907,886,1
908,32,1
908,886,1
909,32,1
909,886,1
910,899,1
911,900,1
912,2,1
912,900,1
913,888,1
914,32,1
914,130,1
914,868,1
915,13,1
915,32,1
915,130,1
915,868,1
916,27,1
916,35,1
916,886,1
917,27,1
917,35,1
917,51,1
917,900,1
918,35,1
918,53,1
918,74,1
918,91,1
918,145,1
918,198,1
919,2,1
919,30,1
919,35,1
919,53,1
919,74,1
919,91,1
919,198,1
919,199,1
920,35,1
920,117,1
920,198,1
921,35,1
921,53,1
921,72,1
921,74,1
921,91,1
921,143,1
921,145,1
922,2,1
922,30,1
922,35,1
922,53,1
922,72,1
922,74,1
922,91,1
922,143,1
922,199,1
923,35,1
923,72,1
923,117,1
923,124,1
924,35,1
924,925,1
926,33,1
926,927,1
928,35,1
928,929,1
930,33,1
930,931,1
932,35,1
932,933,1
934,33,1
934,935,1
936,42,1
937,13,1
937,78,1
938,13,1
939,12,1
940,20,1
941,13,1
942,13,1
942,375,1
943,13,1
944,13,1
944,375,1
945,13,1
945,375,1
946,332,1
947,332,1
948,13,1
948,261,1
949,13,1
949,414,1
950,13,1
950,364,1
951,13,1
951,332,1
952,13,1
952,414,1
953,13,1
953,414,1
954,953,1
954,962,1
954,974,1
954,978,1
954,998,1
954,1003,1
954,1007,1
955,13,1
955,414,1
956,955,1
956,963,1
956,975,1
956,979,1
956,1000,1
956,1004,1
956,1008,1
957,13,1
957,332,1
958,13,1
958,332,1
959,78,1
959,332,1
960,78,1
960,332,1
961,78,1
961,332,1
962,78,1
962,414,1
963,78,1
963,414,1
964,78,1
964,414,1
965,42,1
965,332,1
966,42,1
966,414,1
967,42,1
967,332,1
968,42,1
968,332,1
969,9,1
969,15,1
970,42,1
970,267,1
971,42,1
971,414,1
972,42,1
972,414,1
973,42,1
973,414,1
974,267,1
975,267,1
976,15,1
976,263,1
977,2,1
977,261,1
978,2,1
978,261,1
979,2,1
979,261,1
980,954,1
981,956,1
982,983,1
984,985,1
986,987,1
988,983,1
989,985,1
990,987,1
991,983,1
992,985,1
993,987,1
994,983,1
995,985,1
996,987,1
997,13,1
997,472,1
998,78,1
998,999,1
999,1134,1
1000,78,1
1000,999,1
1001,78,1
1001,467,1
1002,78,1
1002,467,1
1003,13,1
1003,999,1
1004,13,1
1004,999,1
1005,13,1
1005,467,1
1006,13,1
1006,467,1
1007,999,1
1008,999,1
1009,467,1
1010,467,1
1011,1012,1
1013,1012,1
1014,1015,1
1016,1015,1
1017,1015,1
1018,1019,1
1020,553,1
1021,553,1
1022,555,1
1023,555,1
1024,555,1
1025,1012,1
1026,1015,1
1027,553,1
1028,553,1
1029,553,1
1030,553,1
1031,1015,1
1032,553,1
1033,553,1
1034,553,1
1035,553,1
1036,553,1
1037,553,1
1038,553,1
1039,1040,1
1041,2,1
1041,43,1
1042,2,1
1042,290,1
1043,43,1
1044,33,1
1044,43,1
1045,30,1
1046,27,1
1046,30,1
1046,35,1
1047,35,1
1047,53,1
1047,74,1
1047,295,1
1048,53,1
1048,74,1
1049,30,1
1049,32,1
1050,30,1
1050,33,1
1051,30,1
1051,38,1
1052,32,1
1052,35,1
1053,32,1
1053,43,1
1054,33,1
1055,32,1
1055,38,1
1056,35,1
1056,40,1
1056,53,1
1056,74,1
1056,96,1
1057,53,1
1057,56,1
1057,74,1
1058,32,1
1058,38,1
1058,40,1
1058,96,1
1059,35,1
1059,53,1
1059,74,1
1059,109,1
1059,113,1
1059,115,1
1060,40,1
1060,96,1
1061,40,1
1061,53,1
1061,74,1
1062,40,1
1062,96,1
1062,109,1
1062,113,1
1062,115,1
1062,145,1
1063,27,1
1063,30,1
1063,35,1
1063,53,1
1063,63,1
1063,74,1
1064,35,1
1064,53,1
1064,74,1
1065,53,1
1065,74,1
1066,27,1
1066,53,1
1066,74,1
1067,35,1
1067,53,1
1067,74,1
1067,96,1
1068,53,1
1068,74,1
1068,193,1
1069,27,1
1069,35,1
1069,53,1
1069,74,1
1069,96,1
1070,40,1
1070,145,1
1071,27,1
1071,35,1
1071,53,1
1071,74,1
1071,96,1
1072,27,1
1072,35,1
1072,96,1
1073,30,1
1073,32,1
1073,35,1
1073,117,1
1074,30,1
1074,35,1
1074,97,1
1075,30,1
1075,35,1
1075,117,1
1076,30,1
1076,35,1
1076,126,1
1077,30,1
1077,35,1
1077,117,1
1078,27,1
1078,30,1
1078,35,1
1078,97,1
1079,30,1
1079,35,1
1079,97,1
1080,32,1
1080,35,1
1080,40,1
1080,97,1
1080,109,1
1080,113,1
1080,115,1
1080,117,1
1080,126,1
1080,127,1
1081,30,1
1081,40,1
1082,259,1
1083,43,1
1083,259,1
1084,30,1
1084,259,1
1085,38,1
1085,259,1
1086,32,1
1086,258,1
1087,32,1
1087,259,1
1088,259,1
1089,259,1
1090,40,1
1090,259,1
1091,40,1
1091,330,1
1092,330,1
1093,259,1
1093,330,1
1094,330,1
1095,43,1
1095,330,1
1096,43,1
1096,329,1
1097,330,1
1097,366,1
1098,32,1
1098,330,1
1099,38,1
1099,330,1
1100,32,1
1100,329,1
1101,30,1
1101,330,1
1102,330,1
1103,330,1
1104,330,1
1105,330,1
1106,330,1
1107,330,1
1108,330,1
1109,330,1
1110,330,1
1111,330,1
1112,330,1
1113,259,1
1114,259,1
1114,330,1
1115,259,1
1116,330,1
1117,441,1
1118,30,1
1118,441,1
1119,43,1
1119,441,1
1120,441,1
1121,33,1
1121,441,1
1122,32,1
1122,441,1
1123,38,1
1123,441,1
1124,441,1
1124,457,1
1125,441,1
1126,1127,1
1127,441,1
1128,1129,1
1129,330,1
1129,441,1
1130,1131,1
1131,259,1
1131,441,1
1132,457,1
1133,450,1
1133,457,1
1134,259,1
1134,441,1
1135,330,1
1135,441,1
1136,27,1
1136,35,1
1136,38,1
1137,32,1
1137,40,1
1138,27,1
1138,30,1
1138,96,1
1139,290,1
1140,7,1
1140,53,1
1140,74,1
1141,7,1
1141,30,1
1142,43,1
1142,322,1
1143,30,1
1143,35,1
1143,117,1
1144,27,1
1144,32,1
1144,35,1
1144,53,1
1144,74,1
1145,32,1
1145,127,1
1146,32,1
1146,117,1
1147,32,1
1147,155,1
1148,78,1
1149,32,1
1150,78,1
1151,32,1
1152,27,1
1152,32,1
1152,35,1
1153,32,1
1153,35,1
1153,97,1
1154,32,1
1154,35,1
1154,126,1
1155,32,1
1155,35,1
1155,117,1
1156,27,1
1156,30,1
1157,27,1
1157,30,1
1157,35,1
1157,53,1
1157,74,1
1158,35,1
1158,51,1
1158,96,1
1159,27,1
1159,32,1
1159,96,1
1160,27,1
1160,35,1
1160,53,1
1160,74,1
1160,96,1
1161,35,1
1161,53,1
1161,72,1
1161,74,1
1161,96,1
1161,198,1
1162,27,1
1162,30,1
1162,35,1
1162,72,1
1162,96,1
1162,199,1
1163,30,1
1163,35,1
1163,53,1
1163,72,1
1163,74,1
1163,96,1
1163,198,1
1164,30,1
1164,35,1
1164,53,1
1164,72,1
1164,74,1
1164,96,1
1164,198,1
1164,776,1
1165,27,1
1165,30,1
1165,35,1
1165,53,1
1165,72,1
1165,74,1
1165,155,1
1166,27,1
1166,30,1
1166,40,1
1166,51,1
1166,96,1
1167,30,1
1167,32,1
1167,35,1
1167,96,1
1167,199,1
1167,485,1
1168,32,1
1168,35,1
1168,53,1
1168,74,1
1168,155,1
1169,30,1
1169,35,1
1169,53,1
1169,74,1
1169,215,1
1170,27,1
1170,30,1
1170,35,1
1170,562,1
1171,27,1
1171,30,1
1171,35,1
1171,524,1
1172,30,1
1172,35,1
1172,589,1
1173,30,1
1173,35,1
1173,589,1
1174,30,1
1174,35,1
1174,53,1
1174,74,1
1174,611,1
1174,623,1
1174,790,1
1174,799,1
1175,30,1
1175,35,1
1175,53,1
1175,74,1
1175,611,1
1175,623,1
1175,794,1
1175,799,1
1176,30,1
1176,35,1
1176,53,1
1176,74,1
1176,562,1
1177,30,1
1177,35,1
1177,53,1
1177,74,1
1177,524,1
1178,30,1
1178,32,1
1178,35,1
1178,53,1
1178,74,1
1178,589,1
1178,590,1
1179,27,1
1179,32,1
1179,35,1
1179,562,1
1180,27,1
1180,32,1
1180,35,1
1180,524,1
1181,30,1
1181,32,1
1181,35,1
1181,53,1
1181,74,1
1181,589,1
1181,592,1
1182,27,1
1182,30,1
1182,32,1
1182,35,1
1182,524,1
1182,562,1
1183,30,1
1183,35,1
1183,697,1
1183,732,1
1184,32,1
1184,434,1
1184,435,1
1185,30,1
1185,32,1
1185,35,1
1185,53,1
1185,74,1
1185,611,1
1185,623,1
1185,790,1
1185,794,1
1185,799,1
1186,27,1
1186,32,1
1186,35,1
1186,155,1
1186,199,1
1186,524,1
1186,562,1
1186,697,1
1186,732,1
1187,30,1
1187,35,1
1187,53,1
1187,74,1
1187,592,1
1187,663,1
1187,670,1
1188,27,1
1188,30,1
1188,35,1
1188,53,1
1188,72,1
1188,74,1
1188,155,1
1188,198,1
1188,199,1
1188,670,1
1188,784,1
1189,30,1
1189,35,1
1189,155,1
1189,199,1
1189,641,1
1190,30,1
1190,35,1
1190,72,1
1190,155,1
1190,198,1
1190,199,1
1191,30,1
1191,35,1
1191,53,1
1191,74,1
1191,623,1
1191,675,1
1191,784,1
1192,27,1
1192,30,1
1192,32,1
1192,35,1
1192,155,1
1192,199,1
1192,485,1
1192,699,1
1192,702,1
1193,27,1
1193,30,1
1193,32,1
1193,35,1
1193,68,1
1193,155,1
1193,199,1
1193,568,1
1193,592,1
1194,30,1
1194,32,1
1194,72,1
1194,199,1
1195,32,1
1195,35,1
1195,53,1
1195,74,1
1195,590,1
1195,592,1
1196,30,1
1196,856,1
1197,35,1
1197,53,1
1197,74,1
1197,900,1
1198,30,1
1198,51,1
1198,900,1
1199,886,1
1200,35,1
1200,51,1
1200,53,1
1200,74,1
1200,78,1
1200,868,1
