species index (starts from 1),from,to,stoichiometric value 
32,R1,LOx,1.000000
35,R1,PSO4,1.000000
108,R1,SO4,1.000000
144,SALAAL,R1,2.000000
269,O3,R1,1.000000
286,SO2,R1,1.000000
144,SALAAL,R2,1.000000
271,HCl,R2,1.000000
278,R2,SALACL,1.000000
58,R3,NIT,1.000000
144,SALAAL,R3,1.000000
260,HNO3,R3,1.000000
28,R4,SO4s,1.000000
32,R4,LOx,1.000000
135,SALCAL,R4,2.000000
269,O3,R4,1.000000
286,SO2,R4,1.000000
135,SALCAL,R5,1.000000
271,HCl,R5,1.000000
282,R5,SALCCL,1.000000
59,R6,NITs,1.000000
135,SALCAL,R6,1.000000
260,HNO3,R6,1.000000
35,R7,PSO4,1.000000
108,R7,SO4,1.000000
208,H2O2,R7,1.000000
286,SO2,R7,1.000000
32,R8,LOx,1.000000
35,R8,PSO4,1.000000
108,R8,SO4,1.000000
269,O3,R8,1.000000
286,SO2,R8,1.000000
35,R9,PSO4,1.000000
108,R9,SO4,1.000000
286,SO2,R9,1.000000
85,R10,HMS,1.000000
262,CH2O,R10,1.000000
286,SO2,R10,1.000000
85,HMS,R11,1.000000
262,R11,CH2O,1.000000
286,R11,SO2,1.000000
35,R12,PSO4,2.000000
85,HMS,R12,1.000000
108,R12,SO4,2.000000
262,R12,CH2O,1.000000
279,OH,R12,1.000000
286,SO2,R12,1.000000
32,R13,LOx,1.000000
269,O3,R13,1.000000
270,R13,NO2,1.000000
280,NO,R13,1.000000
32,R14,LOx,1.000000
269,O3,R14,1.000000
279,OH,R14,1.000000
281,R14,HO2,1.000000
32,R15,LOx,1.000000
269,O3,R15,1.000000
279,R15,OH,1.000000
281,HO2,R15,1.000000
32,R16,LOx,1.000000
269,O3,R16,1.000000
270,NO2,R16,1.000000
283,R16,NO3,1.000000
32,R17,LOx,1.000000
262,R17,CH2O,1.000000
263,MO2,R17,1.000000
269,O3,R17,1.000000
281,R17,HO2,1.000000
273,R18,H2O,1.000000
279,OH,R18,2.000000
284,R18,O,1.000000
37,R19,PH2O2,1.000000
208,R19,H2O2,1.000000
279,OH,R19,2.000000
273,R20,H2O,1.000000
279,OH,R20,1.000000
281,HO2,R20,1.000000
208,H2O2,R21,1.000000
273,R21,H2O,1.000000
279,OH,R21,1.000000
281,R21,HO2,1.000000
270,R22,NO2,1.000000
279,R22,OH,1.000000
280,NO,R22,1.000000
281,HO2,R22,1.000000
37,R23,PH2O2,1.000000
208,R23,H2O2,1.000000
281,HO2,R23,2.000000
6,R24,CO2,1.000000
34,R24,LCO,1.000000
258,CO,R24,1.000000
279,OH,R24,1.000000
281,R24,HO2,1.000000
36,R25,LCH4,1.000000
186,CH4,R25,1.000000
263,R25,MO2,1.000000
273,R25,H2O,1.000000
279,OH,R25,1.000000
262,R26,CH2O,1.000000
263,MO2,R26,1.000000
270,R26,NO2,1.000000
280,NO,R26,1.000000
281,R26,HO2,1.000000
87,R27,MENO3,1.000000
263,MO2,R27,1.000000
280,NO,R27,1.000000
134,R28,MP,1.000000
263,MO2,R28,1.000000
281,HO2,R28,1.000000
214,R29,MOH,1.000000
262,R29,CH2O,1.000000
263,MO2,R29,2.000000
262,R30,CH2O,2.000000
263,MO2,R30,2.000000
281,R30,HO2,2.000000
214,R31,MOH,0.130000
262,R31,CH2O,0.870000
263,MO2,R31,1.000000
279,OH,R31,1.000000
281,R31,HO2,1.740000
134,MP,R32,1.000000
263,R32,MO2,1.000000
273,R32,H2O,1.000000
279,OH,R32,1.000000
134,MP,R33,1.000000
262,R33,CH2O,1.000000
273,R33,H2O,1.000000
279,OH,R33,1.000000
279,R33,OH,1.000000
193,ATOOH,R34,1.000000
248,R34,ATO2,1.000000
273,R34,H2O,1.000000
279,OH,R34,1.000000
193,ATOOH,R35,1.000000
228,R35,MGLY,1.000000
273,R35,H2O,1.000000
279,OH,R35,1.000000
279,R35,OH,1.000000
33,R36,PCO,1.000000
258,R36,CO,1.000000
262,CH2O,R36,1.000000
273,R36,H2O,1.000000
279,OH,R36,1.000000
281,R36,HO2,1.000000
260,R37,HNO3,1.000000
270,NO2,R37,1.000000
279,OH,R37,1.000000
260,HNO3,R38,1.000000
273,R38,H2O,1.000000
279,OH,R38,1.000000
283,R38,NO3,1.000000
188,R39,HNO2,1.000000
279,OH,R39,1.000000
280,NO,R39,1.000000
188,HNO2,R40,1.000000
270,R40,NO2,1.000000
273,R40,H2O,1.000000
279,OH,R40,1.000000
101,R41,HNO4,1.000000
270,NO2,R41,1.000000
281,HO2,R41,1.000000
101,HNO4,R42,1.000000
270,R42,NO2,1.000000
281,R42,HO2,1.000000
101,HNO4,R43,1.000000
270,R43,NO2,1.000000
273,R43,H2O,1.000000
279,OH,R43,1.000000
270,R44,NO2,1.000000
279,R44,OH,1.000000
281,HO2,R44,1.000000
283,NO3,R44,1.000000
270,R45,NO2,2.000000
280,NO,R45,1.000000
283,NO3,R45,1.000000
270,R46,NO2,1.000000
279,OH,R46,1.000000
281,R46,HO2,1.000000
283,NO3,R46,1.000000
169,R47,N2O5,1.000000
270,NO2,R47,1.000000
283,NO3,R47,1.000000
169,N2O5,R48,1.000000
270,R48,NO2,1.000000
283,R48,NO3,1.000000
6,R49,CO2,1.000000
207,HCOOH,R49,1.000000
273,R49,H2O,1.000000
279,OH,R49,1.000000
281,R49,HO2,1.000000
214,MOH,R50,1.000000
262,R50,CH2O,1.000000
279,OH,R50,1.000000
281,R50,HO2,1.000000
270,NO2,R51,1.000000
270,R51,NO2,1.000000
280,R51,NO,1.000000
283,NO3,R51,1.000000
33,R52,PCO,1.000000
258,R52,CO,1.000000
260,R52,HNO3,1.000000
262,CH2O,R52,1.000000
281,R52,HO2,1.000000
283,NO3,R52,1.000000
33,R53,PCO,0.050000
257,R53,MCO3,0.950000
258,R53,CO,0.050000
261,ALD2,R53,1.000000
262,R53,CH2O,0.050000
273,R53,H2O,1.000000
279,OH,R53,1.000000
281,R53,HO2,0.050000
257,R54,MCO3,1.000000
260,R54,HNO3,1.000000
261,ALD2,R54,1.000000
283,NO3,R54,1.000000
63,R55,PAN,1.000000
257,MCO3,R55,1.000000
270,NO2,R55,1.000000
63,PAN,R56,1.000000
257,R56,MCO3,1.000000
270,R56,NO2,1.000000
6,R57,CO2,1.000000
257,MCO3,R57,1.000000
263,R57,MO2,1.000000
270,R57,NO2,1.000000
280,NO,R57,1.000000
157,C2H6,R58,1.000000
213,R58,ETO2,1.000000
273,R58,H2O,1.000000
279,OH,R58,1.000000
213,ETO2,R59,1.000000
261,R59,ALD2,1.000000
270,R59,NO2,1.000000
280,NO,R59,1.000000
281,R59,HO2,1.000000
88,R60,ETNO3,1.000000
213,ETO2,R60,1.000000
280,NO,R60,1.000000
235,OTHRO2,R61,1.000000
261,R61,ALD2,1.000000
270,R61,NO2,1.000000
280,NO,R61,1.000000
281,R61,HO2,1.000000
121,C3H8,R62,1.000000
253,R62,B3O2,1.000000
279,OH,R62,1.000000
121,C3H8,R63,1.000000
233,R63,A3O2,1.000000
279,OH,R63,1.000000
233,A3O2,R64,1.000000
255,R64,RCHO,1.000000
270,R64,NO2,1.000000
280,NO,R64,1.000000
281,R64,HO2,1.000000
89,R65,NPRNO3,1.000000
233,A3O2,R65,1.000000
280,NO,R65,1.000000
204,PO2,R66,1.000000
261,R66,ALD2,1.000000
262,R66,CH2O,1.000000
270,R66,NO2,1.000000
280,NO,R66,1.000000
281,R66,HO2,1.000000
113,ALK4,R67,1.000000
252,R67,R4O2,1.000000
279,OH,R67,1.000000
219,R68,ACET,0.320000
222,R68,MEK,0.190000
233,R68,A3O2,0.050000
235,R68,OTHRO2,0.320000
252,R4O2,R68,1.000000
253,R68,B3O2,0.180000
255,R68,RCHO,0.140000
261,R68,ALD2,0.320000
263,R68,MO2,0.190000
270,R68,NO2,1.000000
280,NO,R68,1.000000
281,R68,HO2,0.270000
198,R69,R4N2,1.000000
252,R4O2,R69,1.000000
280,NO,R69,1.000000
251,R4N1,R70,1.000000
255,R70,RCHO,0.570000
261,R70,ALD2,0.860000
262,R70,CH2O,0.570000
270,R70,NO2,2.000000
280,NO,R70,1.000000
248,ATO2,R71,1.000000
257,R71,MCO3,1.000000
262,R71,CH2O,1.000000
270,R71,NO2,1.000000
280,NO,R71,1.000000
198,R72,R4N2,0.070000
249,KO2,R72,1.000000
257,R72,MCO3,0.930000
261,R72,ALD2,0.930000
270,R72,NO2,0.930000
280,NO,R72,1.000000
219,R73,ACET,1.000000
253,B3O2,R73,1.000000
270,R73,NO2,1.000000
280,NO,R73,1.000000
281,R73,HO2,1.000000
86,R74,IPRNO3,1.000000
253,B3O2,R74,1.000000
280,NO,R74,1.000000
197,PRN1,R75,1.000000
261,R75,ALD2,1.000000
262,R75,CH2O,1.000000
270,R75,NO2,2.000000
280,NO,R75,1.000000
113,ALK4,R76,1.000000
252,R76,R4O2,1.000000
260,R76,HNO3,1.000000
283,NO3,R76,1.000000
198,R4N2,R77,1.000000
251,R77,R4N1,1.000000
273,R77,H2O,1.000000
279,OH,R77,1.000000
6,R78,CO2,1.000000
215,ACTA,R78,1.000000
263,R78,MO2,1.000000
273,R78,H2O,1.000000
279,OH,R78,1.000000
250,R79,RCO3,1.000000
255,RCHO,R79,1.000000
273,R79,H2O,1.000000
279,OH,R79,1.000000
49,R80,PPN,1.000000
250,RCO3,R80,1.000000
270,NO2,R80,1.000000
49,PPN,R81,1.000000
250,R81,RCO3,1.000000
270,R81,NO2,1.000000
233,R82,A3O2,0.070000
235,R82,OTHRO2,0.500000
250,RCO3,R82,1.000000
253,R82,B3O2,0.270000
270,R82,NO2,1.000000
280,NO,R82,1.000000
250,R83,RCO3,1.000000
255,RCHO,R83,1.000000
260,R83,HNO3,1.000000
283,NO3,R83,1.000000
219,ACET,R84,1.000000
248,R84,ATO2,1.000000
273,R84,H2O,1.000000
279,OH,R84,1.000000
154,R85,ROH,0.250000
214,R85,MOH,0.250000
233,A3O2,R85,1.000000
255,R85,RCHO,0.750000
262,R85,CH2O,0.750000
263,MO2,R85,1.000000
281,R85,HO2,1.000000
154,R86,ROH,0.250000
204,PO2,R86,1.000000
214,R86,MOH,0.250000
246,R86,HAC,0.160000
255,R86,RCHO,0.090000
261,R86,ALD2,0.500000
262,R86,CH2O,1.250000
263,MO2,R86,1.000000
281,R86,HO2,1.000000
91,R87,R4P,1.000000
252,R4O2,R87,1.000000
281,HO2,R87,1.000000
198,R88,R4N2,1.000000
251,R4N1,R88,1.000000
281,HO2,R88,1.000000
193,R89,ATOOH,0.850000
248,ATO2,R89,1.000000
257,R89,MCO3,0.150000
262,R89,CH2O,0.150000
279,R89,OH,0.150000
281,HO2,R89,1.000000
193,R90,ATOOH,0.850000
249,KO2,R90,1.000000
257,R90,MCO3,0.150000
261,R90,ALD2,0.150000
279,R90,OH,0.150000
281,HO2,R90,1.000000
93,R91,RB3P,1.000000
253,B3O2,R91,1.000000
281,HO2,R91,1.000000
112,R92,PRPN,1.000000
197,PRN1,R92,1.000000
281,HO2,R92,1.000000
222,MEK,R93,1.000000
249,R93,KO2,1.000000
273,R93,H2O,1.000000
279,OH,R93,1.000000
129,R94,EOH,0.250000
213,ETO2,R94,1.000000
214,R94,MOH,0.250000
261,R94,ALD2,0.750000
262,R94,CH2O,0.750000
263,MO2,R94,1.000000
281,R94,HO2,1.000000
129,R95,EOH,0.250000
214,R95,MOH,0.250000
235,OTHRO2,R95,1.000000
261,R95,ALD2,0.750000
262,R95,CH2O,0.750000
263,MO2,R95,1.000000
281,R95,HO2,1.000000
222,MEK,R96,1.000000
249,R96,KO2,1.000000
260,R96,HNO3,1.000000
283,NO3,R96,1.000000
154,R97,ROH,0.250000
214,R97,MOH,0.250000
219,R97,ACET,0.160000
222,R97,MEK,0.350000
233,R97,A3O2,0.030000
235,R97,OTHRO2,0.160000
252,R4O2,R97,1.000000
253,R97,B3O2,0.090000
255,R97,RCHO,0.070000
261,R97,ALD2,0.160000
262,R97,CH2O,0.750000
263,MO2,R97,0.910000
281,R97,HO2,0.640000
154,R98,ROH,0.250000
214,R98,MOH,0.250000
251,R4N1,R98,1.000000
252,R98,R4O2,0.150000
255,R98,RCHO,0.540000
261,R98,ALD2,0.380000
262,R98,CH2O,0.950000
263,MO2,R98,1.000000
270,R98,NO2,1.000000
281,R98,HO2,0.500000
214,R99,MOH,0.500000
228,R99,MGLY,0.500000
246,R99,HAC,0.200000
248,ATO2,R99,1.000000
257,R99,MCO3,0.300000
262,R99,CH2O,0.500000
263,MO2,R99,1.000000
281,R99,HO2,0.300000
154,R100,ROH,0.250000
214,R100,MOH,0.250000
222,R100,MEK,0.250000
249,KO2,R100,1.000000
257,R100,MCO3,0.500000
261,R100,ALD2,0.500000
262,R100,CH2O,0.750000
263,MO2,R100,1.000000
281,R100,HO2,0.500000
154,R101,ROH,0.250000
214,R101,MOH,0.250000
219,R101,ACET,0.750000
253,B3O2,R101,1.000000
262,R101,CH2O,0.750000
263,MO2,R101,1.000000
281,R101,HO2,1.000000
154,R102,ROH,0.250000
197,PRN1,R102,1.000000
214,R102,MOH,0.250000
255,R102,RCHO,0.250000
261,R102,ALD2,0.500000
262,R102,CH2O,1.250000
263,MO2,R102,1.000000
270,R102,NO2,1.000000
281,R102,HO2,0.500000
129,EOH,R103,1.000000
261,R103,ALD2,1.000000
279,OH,R103,1.000000
281,R103,HO2,1.000000
154,ROH,R104,1.000000
255,R104,RCHO,1.000000
279,OH,R104,1.000000
281,R104,HO2,1.000000
213,ETO2,R105,2.000000
261,R105,ALD2,2.000000
281,R105,HO2,2.000000
235,OTHRO2,R106,2.000000
261,R106,ALD2,2.000000
281,R106,HO2,2.000000
129,R107,EOH,1.000000
213,ETO2,R107,2.000000
261,R107,ALD2,1.000000
129,R108,EOH,1.000000
235,OTHRO2,R108,2.000000
261,R108,ALD2,1.000000
109,R109,ETP,1.000000
213,ETO2,R109,1.000000
281,HO2,R109,1.000000
109,R110,ETP,1.000000
235,OTHRO2,R110,1.000000
281,HO2,R110,1.000000
92,R111,RA3P,1.000000
233,A3O2,R111,1.000000
281,HO2,R111,1.000000
111,R112,PP,1.000000
204,PO2,R112,1.000000
281,HO2,R112,1.000000
31,R113,POx,0.150000
94,R113,RP,0.410000
233,R113,A3O2,0.030000
235,R113,OTHRO2,0.220000
250,RCO3,R113,1.000000
253,R113,B3O2,0.120000
269,R113,O3,0.150000
279,R113,OH,0.440000
281,HO2,R113,1.000000
204,R114,PO2,1.000000
254,PRPE,R114,1.000000
279,OH,R114,1.000000
32,R115,LOx,1.000000
33,R115,PCO,0.560000
186,R115,CH4,0.100000
191,R115,CH3CHOO,0.120000
230,R115,CH2OO,0.120000
254,PRPE,R115,1.000000
258,R115,CO,0.560000
261,R115,ALD2,0.500000
262,R115,CH2O,0.500000
263,R115,MO2,0.280000
269,O3,R115,1.000000
279,R115,OH,0.360000
281,R115,HO2,0.280000
6,R116,CO2,0.361000
33,R116,PCO,0.505000
207,R116,HCOOH,0.134000
218,R116,GLYX,0.134000
232,GLYC,R116,1.000000
258,R116,CO,0.505000
262,R116,CH2O,0.732000
279,OH,R116,0.773000
281,R116,HO2,0.773000
33,R117,PCO,1.000000
207,R117,HCOOH,1.000000
232,GLYC,R117,1.000000
258,R117,CO,1.000000
279,OH,R117,1.000000
279,R117,OH,1.000000
197,R118,PRN1,1.000000
254,PRPE,R118,1.000000
283,NO3,R118,1.000000
33,R119,PCO,2.000000
218,GLYX,R119,1.000000
258,R119,CO,2.000000
279,OH,R119,1.000000
281,R119,HO2,1.000000
33,R120,PCO,1.000000
228,MGLY,R120,1.000000
257,R120,MCO3,1.000000
258,R120,CO,1.000000
279,OH,R120,1.000000
33,R121,PCO,2.000000
218,GLYX,R121,1.000000
258,R121,CO,2.000000
260,R121,HNO3,1.000000
281,R121,HO2,1.000000
283,NO3,R121,1.000000
33,R122,PCO,1.000000
228,MGLY,R122,1.000000
257,R122,MCO3,1.000000
258,R122,CO,1.000000
260,R122,HNO3,1.000000
283,NO3,R122,1.000000
228,R123,MGLY,1.000000
246,HAC,R123,1.000000
279,OH,R123,1.000000
281,R123,HO2,1.000000
6,R124,CO2,0.500000
33,R124,PCO,0.500000
207,R124,HCOOH,0.500000
215,R124,ACTA,0.500000
246,HAC,R124,1.000000
258,R124,CO,0.500000
263,R124,MO2,0.500000
279,OH,R124,1.000000
279,R124,OH,1.000000
233,A3O2,R125,1.000000
255,R125,RCHO,1.000000
257,MCO3,R125,1.000000
263,R125,MO2,1.000000
281,R125,HO2,1.000000
204,PO2,R126,1.000000
257,MCO3,R126,1.000000
261,R126,ALD2,1.000000
262,R126,CH2O,1.000000
263,R126,MO2,1.000000
281,R126,HO2,1.000000
215,R127,ACTA,1.000000
233,A3O2,R127,1.000000
255,R127,RCHO,1.000000
257,MCO3,R127,1.000000
204,PO2,R128,1.000000
215,R128,ACTA,1.000000
246,R128,HAC,0.650000
255,R128,RCHO,0.350000
257,MCO3,R128,1.000000
233,R129,A3O2,0.070000
235,R129,OTHRO2,0.500000
250,RCO3,R129,1.000000
253,R129,B3O2,0.270000
262,R129,CH2O,1.000000
263,MO2,R129,1.000000
281,R129,HO2,1.000000
250,RCO3,R130,1.000000
262,R130,CH2O,1.000000
263,MO2,R130,1.000000
112,PRPN,R131,1.000000
194,R131,PROPNN,0.791000
197,R131,PRN1,0.209000
279,OH,R131,0.209000
109,ETP,R132,1.000000
235,R132,OTHRO2,0.360000
261,R132,ALD2,0.640000
279,OH,R132,0.360000
92,RA3P,R133,1.000000
233,R133,A3O2,0.360000
255,R133,RCHO,0.640000
279,OH,R133,0.360000
93,RB3P,R134,1.000000
219,R134,ACET,0.791000
253,R134,B3O2,0.209000
279,OH,R134,0.209000
91,R4P,R135,1.000000
252,R135,R4O2,0.209000
255,R135,RCHO,0.791000
279,OH,R135,0.209000
94,RP,R136,1.000000
250,R136,RCO3,1.000000
279,OH,R136,1.000000
111,PP,R137,1.000000
204,R137,PO2,0.209000
246,R137,HAC,0.791000
279,OH,R137,0.209000
23,LVOC,R138,1.000000
279,OH,R138,1.000000
279,R138,OH,1.000000
66,MAP,R139,1.000000
257,R139,MCO3,1.000000
279,OH,R139,1.000000
157,C2H6,R140,1.000000
213,R140,ETO2,1.000000
260,R140,HNO3,1.000000
283,NO3,R140,1.000000
257,MCO3,R141,2.000000
263,R141,MO2,2.000000
257,MCO3,R142,1.000000
262,R142,CH2O,1.000000
263,MO2,R142,1.000000
263,R142,MO2,1.000000
281,R142,HO2,1.000000
215,R143,ACTA,1.000000
257,MCO3,R143,1.000000
262,R143,CH2O,1.000000
263,MO2,R143,1.000000
219,R144,ACET,0.320000
222,R144,MEK,0.190000
233,R144,A3O2,0.050000
235,R144,OTHRO2,0.320000
252,R4O2,R144,1.000000
253,R144,B3O2,0.180000
255,R144,RCHO,0.130000
257,MCO3,R144,1.000000
261,R144,ALD2,0.320000
263,R144,MO2,1.000000
281,R144,HO2,0.270000
248,ATO2,R145,1.000000
257,MCO3,R145,1.000000
257,R145,MCO3,1.000000
262,R145,CH2O,1.000000
263,R145,MO2,1.000000
249,KO2,R146,1.000000
257,MCO3,R146,1.000000
257,R146,MCO3,1.000000
261,R146,ALD2,1.000000
263,R146,MO2,1.000000
219,R147,ACET,1.000000
253,B3O2,R147,1.000000
257,MCO3,R147,1.000000
263,R147,MO2,1.000000
281,R147,HO2,1.000000
251,R4N1,R148,1.000000
252,R148,R4O2,0.300000
255,R148,RCHO,0.570000
257,MCO3,R148,1.000000
261,R148,ALD2,0.750000
262,R148,CH2O,0.390000
263,R148,MO2,1.000000
270,R148,NO2,1.000000
197,PRN1,R149,1.000000
257,MCO3,R149,1.000000
261,R149,ALD2,1.000000
262,R149,CH2O,1.000000
263,R149,MO2,1.000000
270,R149,NO2,1.000000
215,R150,ACTA,1.000000
222,R150,MEK,1.000000
252,R4O2,R150,1.000000
257,MCO3,R150,1.000000
215,R151,ACTA,1.000000
228,R151,MGLY,1.000000
248,ATO2,R151,1.000000
257,MCO3,R151,1.000000
215,R152,ACTA,1.000000
222,R152,MEK,1.000000
249,KO2,R152,1.000000
257,MCO3,R152,1.000000
215,R153,ACTA,1.000000
251,R4N1,R153,1.000000
255,R153,RCHO,1.000000
257,MCO3,R153,1.000000
270,R153,NO2,1.000000
197,PRN1,R154,1.000000
215,R154,ACTA,1.000000
255,R154,RCHO,1.000000
257,MCO3,R154,1.000000
270,R154,NO2,1.000000
215,R155,ACTA,1.000000
219,R155,ACET,1.000000
253,B3O2,R155,1.000000
257,MCO3,R155,1.000000
213,ETO2,R156,1.000000
257,MCO3,R156,1.000000
261,R156,ALD2,1.000000
263,R156,MO2,1.000000
281,R156,HO2,1.000000
235,OTHRO2,R157,1.000000
257,MCO3,R157,1.000000
261,R157,ALD2,1.000000
263,R157,MO2,1.000000
281,R157,HO2,1.000000
213,ETO2,R158,1.000000
215,R158,ACTA,1.000000
257,MCO3,R158,1.000000
261,R158,ALD2,1.000000
215,R159,ACTA,1.000000
235,OTHRO2,R159,1.000000
257,MCO3,R159,1.000000
261,R159,ALD2,1.000000
233,R160,A3O2,0.070000
235,R160,OTHRO2,0.500000
250,RCO3,R160,1.000000
253,R160,B3O2,0.270000
257,MCO3,R160,1.000000
263,R160,MO2,1.000000
270,R161,NO2,2.000000
283,NO3,R161,2.000000
71,R162,MPN,1.000000
263,MO2,R162,1.000000
270,NO2,R162,1.000000
71,MPN,R163,1.000000
263,R163,MO2,1.000000
270,R163,NO2,1.000000
82,DMS,R164,1.000000
262,R164,CH2O,1.000000
263,R164,MO2,1.000000
279,OH,R164,1.000000
286,R164,SO2,1.000000
27,R165,MSA,0.250000
82,DMS,R165,1.000000
263,R165,MO2,1.000000
279,OH,R165,1.000000
286,R165,SO2,0.750000
82,DMS,R166,1.000000
260,R166,HNO3,1.000000
262,R166,CH2O,1.000000
263,R166,MO2,1.000000
283,NO3,R166,1.000000
286,R166,SO2,1.000000
35,R167,PSO4,1.000000
108,R167,SO4,1.000000
279,OH,R167,1.000000
281,R167,HO2,1.000000
286,SO2,R167,1.000000
32,R168,LOx,1.000000
269,O3,R168,1.000000
274,R168,BrO,1.000000
287,Br,R168,1.000000
256,R169,HOBr,1.000000
274,BrO,R169,1.000000
281,HO2,R169,1.000000
272,R170,HBr,1.000000
281,HO2,R170,1.000000
287,Br,R170,1.000000
272,HBr,R171,1.000000
273,R171,H2O,1.000000
279,OH,R171,1.000000
287,R171,Br,1.000000
274,BrO,R172,2.000000
287,R172,Br,2.000000
124,R173,Br2,1.000000
274,BrO,R173,2.000000
270,R174,NO2,1.000000
274,BrO,R174,1.000000
280,NO,R174,1.000000
287,R174,Br,1.000000
124,R175,Br2,1.000000
172,BrNO3,R175,1.000000
283,R175,NO3,1.000000
287,Br,R175,1.000000
124,Br2,R176,1.000000
256,R176,HOBr,1.000000
279,OH,R176,1.000000
287,R176,Br,1.000000
256,HOBr,R177,1.000000
274,R177,BrO,1.000000
279,R177,OH,1.000000
284,O,R177,1.000000
272,HBr,R178,1.000000
279,R178,OH,1.000000
284,O,R178,1.000000
287,R178,Br,1.000000
274,BrO,R179,1.000000
279,OH,R179,1.000000
281,R179,HO2,1.000000
287,R179,Br,1.000000
270,R180,NO2,1.000000
274,R180,BrO,1.000000
283,NO3,R180,1.000000
287,Br,R180,1.000000
33,R181,PCO,1.000000
258,R181,CO,1.000000
262,CH2O,R181,1.000000
272,R181,HBr,1.000000
281,R181,HO2,1.000000
287,Br,R181,1.000000
257,R182,MCO3,1.000000
261,ALD2,R182,1.000000
272,R182,HBr,1.000000
287,Br,R182,1.000000
219,ACET,R183,1.000000
248,R183,ATO2,1.000000
272,R183,HBr,1.000000
287,Br,R183,1.000000
157,C2H6,R184,1.000000
213,R184,ETO2,1.000000
272,R184,HBr,1.000000
287,Br,R184,1.000000
121,C3H8,R185,1.000000
233,R185,A3O2,1.000000
272,R185,HBr,1.000000
287,Br,R185,1.000000
50,R186,BrNO2,1.000000
270,NO2,R186,1.000000
287,Br,R186,1.000000
172,R187,BrNO3,1.000000
270,NO2,R187,1.000000
274,BrO,R187,1.000000
74,CHBr3,R188,1.000000
279,OH,R188,1.000000
287,R188,Br,3.000000
70,CH2Br2,R189,1.000000
279,OH,R189,1.000000
287,R189,Br,2.000000
97,CH3Br,R190,1.000000
273,R190,H2O,1.000000
279,OH,R190,1.000000
281,R190,HO2,1.000000
287,R190,Br,1.000000
268,O1D,R191,1.000000
273,H2O,R191,1.000000
279,R191,OH,2.000000
268,O1D,R192,1.000000
284,R192,O,1.000000
268,O1D,R193,1.000000
284,R193,O,1.000000
173,R194,H,1.000000
268,O1D,R194,1.000000
279,R194,OH,1.000000
57,N2O,R195,1.000000
268,O1D,R195,1.000000
57,N2O,R196,1.000000
268,O1D,R196,1.000000
280,R196,NO,2.000000
36,R197,LCH4,1.000000
186,CH4,R197,1.000000
263,R197,MO2,1.000000
268,O1D,R197,1.000000
279,R197,OH,1.000000
36,R198,LCH4,1.000000
186,CH4,R198,1.000000
262,R198,CH2O,1.000000
268,O1D,R198,1.000000
36,R199,LCH4,1.000000
173,R199,H,1.000000
186,CH4,R199,1.000000
262,R199,CH2O,1.000000
268,O1D,R199,1.000000
281,R199,HO2,1.000000
31,R200,POx,1.000000
269,R200,O3,1.000000
284,O,R200,1.000000
32,R201,LOx,1.000000
269,O3,R201,1.000000
284,O,R201,1.000000
173,R202,H,1.000000
273,R202,H2O,1.000000
279,OH,R202,1.000000
173,R203,H,1.000000
279,OH,R203,1.000000
284,O,R203,1.000000
279,R204,OH,1.000000
281,HO2,R204,1.000000
284,O,R204,1.000000
32,R205,LOx,1.000000
268,O1D,R205,1.000000
269,O3,R205,1.000000
32,R206,LOx,1.000000
268,O1D,R206,1.000000
269,O3,R206,1.000000
284,R206,O,2.000000
33,R207,PCO,1.000000
62,OCS,R207,1.000000
258,R207,CO,1.000000
284,O,R207,1.000000
286,R207,SO2,1.000000
6,R208,CO2,1.000000
62,OCS,R208,1.000000
279,OH,R208,1.000000
286,R208,SO2,1.000000
270,NO2,R209,1.000000
280,R209,NO,1.000000
284,O,R209,1.000000
270,R210,NO2,1.000000
283,NO3,R210,1.000000
284,O,R210,1.000000
270,R211,NO2,1.000000
280,NO,R211,1.000000
284,O,R211,1.000000
270,NO2,R212,1.000000
283,R212,NO3,1.000000
284,O,R212,1.000000
208,H2O2,R213,1.000000
279,R213,OH,1.000000
281,R213,HO2,1.000000
284,O,R213,1.000000
173,H,R214,1.000000
281,R214,HO2,1.000000
32,R215,LOx,1.000000
173,H,R215,1.000000
269,O3,R215,1.000000
279,R215,OH,1.000000
173,H,R216,1.000000
279,R216,OH,2.000000
281,HO2,R216,1.000000
173,H,R217,1.000000
273,R217,H2O,1.000000
281,HO2,R217,1.000000
284,R217,O,1.000000
173,H,R218,1.000000
281,HO2,R218,1.000000
61,N,R219,1.000000
280,R219,NO,1.000000
284,R219,O,1.000000
61,N,R220,1.000000
280,NO,R220,1.000000
284,R220,O,1.000000
57,R221,N2O,1.000000
61,N,R221,1.000000
270,NO2,R221,1.000000
284,R221,O,1.000000
274,BrO,R222,1.000000
284,O,R222,1.000000
287,R222,Br,1.000000
33,R223,PCO,1.000000
258,R223,CO,1.000000
262,CH2O,R223,1.000000
279,R223,OH,1.000000
281,R223,HO2,1.000000
284,O,R223,1.000000
173,R224,H,0.240000
268,O1D,R224,1.000000
271,HCl,R224,0.910000
277,R224,ClO,0.240000
279,R224,OH,0.670000
284,R224,O,0.090000
285,R224,Cl,0.670000
173,R225,H,0.150000
268,O1D,R225,1.000000
272,HBr,R225,0.800000
274,R225,BrO,0.150000
279,R225,OH,0.650000
284,R225,O,0.200000
287,R225,Br,0.650000
192,Cl2,R226,0.750000
268,O1D,R226,1.000000
277,R226,ClO,0.750000
284,R226,O,0.250000
285,R226,Cl,0.750000
51,CCl4,R227,0.860000
268,O1D,R227,1.000000
277,R227,ClO,0.860000
284,R227,O,0.140000
285,R227,Cl,2.580000
97,CH3Br,R228,1.000000
263,R228,MO2,1.000000
268,O1D,R228,1.000000
274,R228,BrO,0.440000
287,R228,Br,0.560000
70,CH2Br2,R229,0.950000
268,O1D,R229,1.000000
274,R229,BrO,0.950000
284,R229,O,0.050000
287,R229,Br,0.950000
74,CHBr3,R230,0.680000
268,O1D,R230,1.000000
274,R230,BrO,0.680000
284,R230,O,0.320000
287,R230,Br,1.360000
81,HCFC22,R231,0.720000
268,O1D,R231,1.000000
277,R231,ClO,0.550000
284,R231,O,0.280000
285,R231,Cl,0.170000
52,CFC11,R232,0.880000
268,O1D,R232,1.000000
277,R232,ClO,0.880000
284,R232,O,0.120000
285,R232,Cl,1.760000
53,CFC12,R233,0.860000
268,O1D,R233,1.000000
277,R233,ClO,0.860000
284,R233,O,0.140000
285,R233,Cl,0.860000
55,H1211,R234,0.640000
268,O1D,R234,1.000000
274,R234,BrO,0.310000
277,R234,ClO,0.330000
284,R234,O,0.360000
285,R234,Cl,0.310000
287,R234,Br,0.330000
44,H1301,R235,0.410000
268,O1D,R235,1.000000
274,R235,BrO,0.410000
284,R235,O,0.590000
79,HCFC141b,R236,0.690000
268,O1D,R236,1.000000
277,R236,ClO,0.690000
284,R236,O,0.310000
285,R236,Cl,0.690000
80,HCFC142b,R237,0.740000
268,O1D,R237,1.000000
277,R237,ClO,0.740000
284,R237,O,0.260000
78,HCFC123,R238,0.790000
268,O1D,R238,1.000000
277,R238,ClO,0.790000
284,R238,O,0.210000
285,R238,Cl,0.790000
48,CFC113,R239,0.750000
268,O1D,R239,1.000000
277,R239,ClO,0.750000
284,R239,O,0.250000
285,R239,Cl,1.500000
42,CFC114,R240,0.750000
268,O1D,R240,1.000000
277,R240,ClO,0.750000
284,R240,O,0.250000
285,R240,Cl,0.750000
46,CFC115,R241,0.300000
268,O1D,R241,1.000000
277,R241,ClO,0.300000
284,R241,O,0.700000
45,H2402,R242,0.750000
268,O1D,R242,1.000000
274,R242,BrO,0.750000
284,R242,O,0.250000
287,R242,Br,0.750000
192,Cl2,R243,1.000000
267,R243,HOCl,1.000000
279,OH,R243,1.000000
285,R243,Cl,1.000000
103,R244,ClOO,1.000000
262,R244,CH2O,1.000000
263,MO2,R244,1.000000
277,ClO,R244,1.000000
281,R244,HO2,1.000000
277,ClO,R245,1.000000
279,OH,R245,1.000000
281,R245,HO2,1.000000
285,R245,Cl,1.000000
271,R246,HCl,1.000000
277,ClO,R246,1.000000
279,OH,R246,1.000000
107,OClO,R247,1.000000
267,R247,HOCl,1.000000
279,OH,R247,1.000000
72,Cl2O2,R248,1.000000
103,R248,ClOO,1.000000
267,R248,HOCl,1.000000
279,OH,R248,1.000000
271,HCl,R249,1.000000
273,R249,H2O,1.000000
279,OH,R249,1.000000
285,R249,Cl,1.000000
267,HOCl,R250,1.000000
273,R250,H2O,1.000000
277,R250,ClO,1.000000
279,OH,R250,1.000000
231,ClNO2,R251,1.000000
267,R251,HOCl,1.000000
270,R251,NO2,1.000000
279,OH,R251,1.000000
259,ClNO3,R252,1.000000
267,R252,HOCl,1.000000
279,OH,R252,1.000000
283,R252,NO3,1.000000
100,CH3Cl,R253,1.000000
273,R253,H2O,1.000000
279,OH,R253,1.000000
281,R253,HO2,1.000000
285,R253,Cl,1.000000
73,CH2Cl2,R254,1.000000
279,OH,R254,1.000000
281,R254,HO2,1.000000
285,R254,Cl,2.000000
68,CHCl3,R255,1.000000
279,OH,R255,1.000000
281,R255,HO2,1.000000
285,R255,Cl,3.000000
39,CH3CCl3,R256,1.000000
273,R256,H2O,1.000000
279,OH,R256,1.000000
285,R256,Cl,3.000000
81,HCFC22,R257,1.000000
273,R257,H2O,1.000000
279,OH,R257,1.000000
285,R257,Cl,1.000000
79,HCFC141b,R258,1.000000
273,R258,H2O,1.000000
279,OH,R258,1.000000
285,R258,Cl,2.000000
80,HCFC142b,R259,1.000000
273,R259,H2O,1.000000
279,OH,R259,1.000000
285,R259,Cl,1.000000
78,HCFC123,R260,1.000000
273,R260,H2O,1.000000
279,OH,R260,1.000000
285,R260,Cl,2.000000
36,R261,LCH4,1.000000
186,CH4,R261,1.000000
263,R261,MO2,1.000000
271,R261,HCl,1.000000
285,Cl,R261,1.000000
33,R262,PCO,1.000000
258,R262,CO,1.000000
262,CH2O,R262,1.000000
271,R262,HCl,1.000000
281,R262,HO2,1.000000
285,Cl,R262,1.000000
32,R263,LOx,1.000000
269,O3,R263,1.000000
277,R263,ClO,1.000000
285,Cl,R263,1.000000
173,R264,H,1.000000
271,R264,HCl,1.000000
285,Cl,R264,1.000000
208,H2O2,R265,1.000000
271,R265,HCl,1.000000
281,R265,HO2,1.000000
285,Cl,R265,1.000000
271,R266,HCl,1.000000
281,HO2,R266,1.000000
285,Cl,R266,1.000000
277,R267,ClO,1.000000
279,R267,OH,1.000000
281,HO2,R267,1.000000
285,Cl,R267,1.000000
277,ClO,R268,1.000000
284,O,R268,1.000000
285,R268,Cl,1.000000
267,R269,HOCl,1.000000
277,ClO,R269,1.000000
281,HO2,R269,1.000000
270,R270,NO2,1.000000
277,ClO,R270,1.000000
280,NO,R270,1.000000
285,R270,Cl,1.000000
259,R271,ClNO3,1.000000
270,NO2,R271,1.000000
277,ClO,R271,1.000000
192,R272,Cl2,1.000000
277,ClO,R272,2.000000
103,R273,ClOO,1.000000
277,ClO,R273,2.000000
285,R273,Cl,1.000000
107,R274,OClO,1.000000
277,ClO,R274,2.000000
285,R274,Cl,1.000000
103,R275,ClOO,1.000000
285,Cl,R275,1.000000
103,ClOO,R276,1.000000
285,R276,Cl,1.000000
72,R277,Cl2O2,1.000000
277,ClO,R277,2.000000
72,Cl2O2,R278,1.000000
277,R278,ClO,2.000000
103,ClOO,R279,1.000000
192,R279,Cl2,1.000000
285,Cl,R279,1.000000
103,ClOO,R280,1.000000
277,R280,ClO,2.000000
285,Cl,R280,1.000000
107,R281,OClO,1.000000
274,BrO,R281,1.000000
277,ClO,R281,1.000000
287,R281,Br,1.000000
103,R282,ClOO,1.000000
274,BrO,R282,1.000000
277,ClO,R282,1.000000
287,R282,Br,1.000000
132,R283,BrCl,1.000000
274,BrO,R283,1.000000
277,ClO,R283,1.000000
259,ClNO3,R284,1.000000
277,R284,ClO,1.000000
283,R284,NO3,1.000000
284,O,R284,1.000000
192,R285,Cl2,1.000000
259,ClNO3,R285,1.000000
283,R285,NO3,1.000000
285,Cl,R285,1.000000
33,R286,PCO,1.000000
100,CH3Cl,R286,1.000000
258,R286,CO,1.000000
271,R286,HCl,2.000000
281,R286,HO2,1.000000
285,Cl,R286,1.000000
33,R287,PCO,1.000000
73,CH2Cl2,R287,1.000000
258,R287,CO,1.000000
271,R287,HCl,1.000000
281,R287,HO2,1.000000
285,R287,Cl,1.000000
33,R288,PCO,1.000000
68,CHCl3,R288,1.000000
258,R288,CO,1.000000
271,R288,HCl,1.000000
281,R288,HO2,1.000000
285,R288,Cl,2.000000
6,R289,CO2,1.000000
207,HCOOH,R289,1.000000
271,R289,HCl,1.000000
273,R289,H2O,1.000000
285,Cl,R289,1.000000
262,R290,CH2O,1.000000
263,MO2,R290,1.000000
277,R290,ClO,1.000000
281,R290,HO2,1.000000
285,Cl,R290,1.000000
134,MP,R291,1.000000
263,R291,MO2,1.000000
271,R291,HCl,1.000000
285,Cl,R291,1.000000
157,C2H6,R292,1.000000
213,R292,ETO2,1.000000
271,R292,HCl,1.000000
285,Cl,R292,1.000000
213,ETO2,R293,1.000000
261,R293,ALD2,1.000000
277,R293,ClO,1.000000
281,R293,HO2,1.000000
285,Cl,R293,1.000000
235,OTHRO2,R294,1.000000
261,R294,ALD2,1.000000
277,R294,ClO,1.000000
281,R294,HO2,1.000000
285,Cl,R294,1.000000
214,MOH,R295,1.000000
262,R295,CH2O,1.000000
271,R295,HCl,1.000000
281,R295,HO2,1.000000
285,Cl,R295,1.000000
129,EOH,R296,1.000000
261,R296,ALD2,1.000000
271,R296,HCl,1.000000
285,Cl,R296,1.000000
6,R297,CO2,1.000000
215,ACTA,R297,1.000000
263,R297,MO2,1.000000
271,R297,HCl,1.000000
285,Cl,R297,1.000000
121,C3H8,R298,1.000000
253,R298,B3O2,1.000000
271,R298,HCl,1.000000
285,Cl,R298,1.000000
121,C3H8,R299,1.000000
233,R299,A3O2,1.000000
271,R299,HCl,1.000000
285,Cl,R299,1.000000
219,ACET,R300,1.000000
248,R300,ATO2,1.000000
271,R300,HCl,1.000000
285,Cl,R300,1.000000
220,ISOP,R301,1.000000
242,R301,IHOO1,0.500000
243,R301,IHOO4,0.500000
271,R301,HCl,1.000000
285,Cl,R301,1.000000
113,ALK4,R302,1.000000
252,R302,R4O2,1.000000
271,R302,HCl,1.000000
285,Cl,R302,1.000000
204,R303,PO2,1.000000
254,PRPE,R303,1.000000
271,R303,HCl,1.000000
285,Cl,R303,1.000000
204,R304,PO2,1.000000
254,PRPE,R304,1.000000
272,R304,HBr,1.000000
287,Br,R304,1.000000
56,R305,INO,1.000000
265,I,R305,1.000000
280,NO,R305,1.000000
56,INO,R306,2.000000
139,R306,I2,1.000000
280,R306,NO,2.000000
199,R307,IONO,1.000000
265,I,R307,1.000000
270,NO2,R307,1.000000
199,IONO,R308,1.000000
265,R308,I,1.000000
270,R308,NO2,1.000000
139,R309,I2,1.000000
199,IONO,R309,2.000000
270,R309,NO2,2.000000
139,I2,R310,1.000000
265,R310,I,1.000000
266,R310,IONO2,1.000000
283,NO3,R310,1.000000
223,IO,R311,1.000000
266,R311,IONO2,1.000000
270,NO2,R311,1.000000
223,R312,IO,1.000000
266,IONO2,R312,1.000000
270,R312,NO2,1.000000
139,R313,I2,1.000000
265,I,R313,1.000000
266,IONO2,R313,1.000000
283,R313,NO3,1.000000
223,R314,IO,1.000000
265,I,R314,1.000000
274,BrO,R314,1.000000
287,R314,Br,1.000000
223,IO,R315,1.000000
265,R315,I,1.000000
274,BrO,R315,1.000000
287,R315,Br,1.000000
90,R316,OIO,1.000000
223,IO,R316,1.000000
274,BrO,R316,1.000000
287,R316,Br,1.000000
47,R317,I2O3,1.000000
90,OIO,R317,1.000000
223,IO,R317,1.000000
38,R318,I2O4,1.000000
90,OIO,R318,2.000000
38,I2O4,R319,1.000000
90,R319,OIO,2.000000
90,OIO,R320,1.000000
223,R320,IO,1.000000
270,R320,NO2,1.000000
280,NO,R320,1.000000
107,R321,OClO,1.000000
223,IO,R321,1.000000
265,R321,I,1.000000
277,ClO,R321,1.000000
223,IO,R322,1.000000
265,R322,I,1.000000
277,ClO,R322,1.000000
285,R322,Cl,1.000000
98,R323,ICl,1.000000
223,IO,R323,1.000000
277,ClO,R323,1.000000
32,R324,LOx,1.000000
223,R324,IO,1.000000
265,I,R324,1.000000
269,O3,R324,1.000000
65,R325,HI,1.000000
265,I,R325,1.000000
281,HO2,R325,1.000000
139,I2,R326,1.000000
264,R326,HOI,1.000000
265,R326,I,1.000000
279,OH,R326,1.000000
65,HI,R327,1.000000
265,R327,I,1.000000
273,R327,H2O,1.000000
279,OH,R327,1.000000
223,R328,IO,1.000000
264,HOI,R328,1.000000
273,R328,H2O,1.000000
279,OH,R328,1.000000
223,IO,R329,1.000000
264,R329,HOI,1.000000
281,HO2,R329,1.000000
223,IO,R330,1.000000
265,R330,I,1.000000
270,R330,NO2,1.000000
280,NO,R330,1.000000
90,R331,OIO,1.000000
223,IO,R331,2.000000
265,R331,I,1.000000
40,R332,I2O2,1.000000
223,IO,R332,2.000000
40,I2O2,R333,1.000000
223,R333,IO,2.000000
40,I2O2,R334,1.000000
90,R334,OIO,1.000000
265,R334,I,1.000000
43,CH3I,R335,1.000000
263,R335,MO2,1.000000
265,R335,I,1.000000
273,R335,H2O,1.000000
279,OH,R335,1.000000
6,R336,CO2,1.000000
205,ETHLN,R336,1.000000
262,R336,CH2O,1.000000
270,R336,NO2,1.000000
279,OH,R336,1.000000
194,PROPNN,R337,1.000000
228,R337,MGLY,1.000000
270,R337,NO2,1.000000
279,OH,R337,1.000000
34,R338,LCO,1.000000
230,CH2OO,R338,1.000000
258,CO,R338,1.000000
262,R338,CH2O,1.000000
230,CH2OO,R339,1.000000
262,R339,CH2O,1.000000
270,R339,NO2,1.000000
280,NO,R339,1.000000
230,CH2OO,R340,1.000000
262,R340,CH2O,1.000000
270,NO2,R340,1.000000
283,R340,NO3,1.000000
37,R341,PH2O2,0.060000
83,R341,HMHP,0.730000
207,R341,HCOOH,0.210000
208,R341,H2O2,0.060000
230,CH2OO,R341,1.000000
262,R341,CH2O,0.060000
273,H2O,R341,1.000000
37,R342,PH2O2,0.060000
83,R342,HMHP,0.400000
207,R342,HCOOH,0.540000
208,R342,H2O2,0.060000
230,CH2OO,R342,1.000000
262,R342,CH2O,0.060000
273,H2O,R342,2.000000
32,R343,LOx,1.000000
230,CH2OO,R343,1.000000
262,R343,CH2O,1.000000
269,O3,R343,1.000000
35,R344,PSO4,1.000000
108,R344,SO4,1.000000
230,CH2OO,R344,1.000000
262,R344,CH2O,1.000000
286,SO2,R344,1.000000
34,R345,LCO,1.000000
191,CH3CHOO,R345,1.000000
258,CO,R345,1.000000
261,R345,ALD2,1.000000
191,CH3CHOO,R346,1.000000
261,R346,ALD2,1.000000
270,R346,NO2,1.000000
280,NO,R346,1.000000
191,CH3CHOO,R347,1.000000
261,R347,ALD2,1.000000
270,NO2,R347,1.000000
283,R347,NO3,1.000000
35,R348,PSO4,1.000000
108,R348,SO4,1.000000
191,CH3CHOO,R348,1.000000
261,R348,ALD2,1.000000
286,SO2,R348,1.000000
37,R349,PH2O2,1.000000
191,CH3CHOO,R349,1.000000
208,R349,H2O2,1.000000
261,R349,ALD2,1.000000
273,H2O,R349,1.000000
191,CH3CHOO,R350,1.000000
215,R350,ACTA,1.000000
273,H2O,R350,1.000000
150,MTPA,R351,1.000000
234,R351,PIO2,1.000000
279,OH,R351,1.000000
151,MTPO,R352,1.000000
234,R352,PIO2,1.000000
279,OH,R352,1.000000
174,R353,MONITS,0.120000
196,R353,MONITU,0.060000
207,R353,HCOOH,0.070000
219,R353,ACET,0.110000
222,R353,MEK,0.440000
234,PIO2,R353,1.000000
255,R353,RCHO,0.430000
262,R353,CH2O,0.230000
270,R353,NO2,0.820000
280,NO,R353,1.000000
281,R353,HO2,0.820000
119,R354,PIP,1.000000
234,PIO2,R354,1.000000
281,HO2,R354,1.000000
154,R355,ROH,0.250000
214,R355,MOH,0.250000
222,R355,MEK,0.750000
234,PIO2,R355,1.000000
255,R355,RCHO,0.750000
262,R355,CH2O,0.750000
263,MO2,R355,1.000000
281,R355,HO2,1.000000
222,R356,MEK,1.000000
234,PIO2,R356,1.000000
255,R356,RCHO,1.000000
257,MCO3,R356,1.000000
263,R356,MO2,0.500000
281,R356,HO2,0.500000
222,R357,MEK,1.000000
234,PIO2,R357,1.000000
255,R357,RCHO,1.000000
270,R357,NO2,1.000000
281,R357,HO2,1.000000
283,NO3,R357,1.000000
32,R358,LOx,1.000000
33,R358,PCO,0.140000
37,R358,PH2O2,0.020000
150,MTPA,R358,1.000000
208,R358,H2O2,0.020000
222,R358,MEK,0.530000
249,R358,KO2,0.620000
255,R358,RCHO,0.650000
258,R358,CO,0.140000
269,O3,R358,1.000000
279,R358,OH,0.850000
281,R358,HO2,0.100000
32,R359,LOx,1.000000
33,R359,PCO,0.140000
37,R359,PH2O2,0.020000
151,MTPO,R359,1.000000
208,R359,H2O2,0.020000
222,R359,MEK,0.530000
249,R359,KO2,0.620000
255,R359,RCHO,0.650000
258,R359,CO,0.140000
269,O3,R359,1.000000
279,R359,OH,0.850000
281,R359,HO2,0.100000
150,MTPA,R360,1.000000
211,R360,OLNN,0.100000
212,R360,OLND,0.900000
283,NO3,R360,1.000000
151,MTPO,R361,1.000000
211,R361,OLNN,0.100000
212,R361,OLND,0.900000
283,NO3,R361,1.000000
165,LIMO,R362,1.000000
221,R362,LIMO2,1.000000
279,OH,R362,1.000000
32,R363,LOx,1.000000
33,R363,PCO,0.140000
37,R363,PH2O2,0.020000
165,LIMO,R363,1.000000
207,R363,HCOOH,0.010000
208,R363,H2O2,0.020000
235,R363,OTHRO2,0.160000
247,R363,MACR,0.790000
249,R363,KO2,0.420000
254,R363,PRPE,0.460000
258,R363,CO,0.140000
262,R363,CH2O,0.040000
269,O3,R363,1.000000
279,R363,OH,0.850000
281,R363,HO2,0.100000
165,LIMO,R364,1.000000
211,R364,OLNN,0.500000
212,R364,OLND,0.500000
283,NO3,R364,1.000000
196,R365,MONITU,0.220000
221,LIMO2,R365,1.000000
222,R365,MEK,0.289000
246,R365,HAC,0.058000
254,R365,PRPE,0.289000
255,R365,RCHO,0.491000
262,R365,CH2O,0.231000
270,R365,NO2,0.780000
280,NO,R365,1.000000
281,R365,HO2,0.686000
119,R366,PIP,1.000000
221,LIMO2,R366,1.000000
281,HO2,R366,1.000000
154,R367,ROH,0.250000
214,R367,MOH,0.250000
221,LIMO2,R367,1.000000
247,R367,MACR,0.308000
254,R367,PRPE,0.192000
262,R367,CH2O,1.040000
263,MO2,R367,1.000000
281,R367,HO2,1.000000
221,LIMO2,R368,1.000000
247,R368,MACR,0.308000
254,R368,PRPE,0.192000
257,MCO3,R368,1.000000
262,R368,CH2O,0.385000
263,R368,MO2,0.500000
281,R368,HO2,0.500000
221,LIMO2,R369,1.000000
247,R369,MACR,0.615000
254,R369,PRPE,0.385000
262,R369,CH2O,0.385000
270,R369,NO2,1.000000
281,R369,HO2,1.000000
283,NO3,R369,1.000000
119,PIP,R370,1.000000
222,R370,MEK,0.410000
252,R370,R4O2,0.440000
255,R370,RCHO,0.080000
279,OH,R370,0.510000
174,R371,MONITS,1.000000
211,OLNN,R371,1.000000
270,R371,NO2,1.000000
280,NO,R371,1.000000
281,R371,HO2,1.000000
212,OLND,R372,1.000000
222,R372,MEK,0.464000
255,R372,RCHO,1.240000
262,R372,CH2O,0.287000
270,R372,NO2,2.000000
280,NO,R372,1.000000
174,R373,MONITS,0.700000
196,R373,MONITU,0.300000
211,OLNN,R373,1.000000
281,HO2,R373,1.000000
174,R374,MONITS,0.700000
196,R374,MONITU,0.300000
212,OLND,R374,1.000000
281,HO2,R374,1.000000
174,R375,MONITS,0.700000
196,R375,MONITU,0.300000
211,OLNN,R375,1.000000
262,R375,CH2O,1.000000
263,MO2,R375,1.000000
281,R375,HO2,2.000000
154,R376,ROH,0.250000
174,R376,MONITS,0.350000
196,R376,MONITU,0.150000
212,OLND,R376,1.000000
214,R376,MOH,0.250000
222,R376,MEK,0.348000
255,R376,RCHO,0.930000
262,R376,CH2O,0.965000
263,MO2,R376,1.000000
270,R376,NO2,0.500000
281,R376,HO2,0.500000
174,R377,MONITS,0.700000
196,R377,MONITU,0.300000
211,OLNN,R377,1.000000
257,MCO3,R377,1.000000
263,R377,MO2,1.000000
281,R377,HO2,1.000000
212,OLND,R378,1.000000
222,R378,MEK,0.464000
255,R378,RCHO,1.240000
257,MCO3,R378,1.000000
262,R378,CH2O,0.287000
263,R378,MO2,0.500000
270,R378,NO2,1.000000
174,R379,MONITS,0.700000
196,R379,MONITU,0.300000
211,OLNN,R379,1.000000
270,R379,NO2,1.000000
281,R379,HO2,1.000000
283,NO3,R379,1.000000
212,OLND,R380,1.000000
222,R380,MEK,0.464000
255,R380,RCHO,1.240000
262,R380,CH2O,0.287000
270,R380,NO2,2.000000
283,NO3,R380,1.000000
174,R381,MONITS,1.400000
196,R381,MONITU,0.600000
211,OLNN,R381,2.000000
281,R381,HO2,1.000000
174,R382,MONITS,1.050000
196,R382,MONITU,0.450000
211,OLNN,R382,1.000000
212,OLND,R382,1.000000
222,R382,MEK,0.149000
255,R382,RCHO,0.640000
262,R382,CH2O,0.202000
270,R382,NO2,0.500000
281,R382,HO2,0.500000
174,R383,MONITS,0.700000
196,R383,MONITU,0.300000
212,OLND,R383,2.000000
222,R383,MEK,0.285000
255,R383,RCHO,1.210000
262,R383,CH2O,0.504000
270,R383,NO2,1.000000
131,R384,HONIT,1.000000
174,MONITS,R384,1.000000
279,OH,R384,1.000000
131,R385,HONIT,1.000000
196,MONITU,R385,1.000000
279,OH,R385,1.000000
32,R386,LOx,1.000000
131,R386,HONIT,1.000000
196,MONITU,R386,1.000000
269,O3,R386,1.000000
131,R387,HONIT,1.000000
196,MONITU,R387,1.000000
283,NO3,R387,1.000000
131,R388,HONIT,1.000000
174,MONITS,R388,1.000000
283,NO3,R388,1.000000
7,R389,INDIOL,1.000000
96,IONITA,R389,1.000000
260,R389,HNO3,1.000000
7,R390,INDIOL,1.000000
41,MONITA,R390,1.000000
260,R390,HNO3,1.000000
131,HONIT,R391,1.000000
246,R391,HAC,1.000000
279,OH,R391,1.000000
283,R391,NO3,1.000000
87,MENO3,R392,1.000000
262,R392,CH2O,1.000000
270,R392,NO2,1.000000
279,OH,R392,1.000000
88,ETNO3,R393,1.000000
261,R393,ALD2,1.000000
270,R393,NO2,1.000000
279,OH,R393,1.000000
86,IPRNO3,R394,1.000000
219,R394,ACET,1.000000
270,R394,NO2,1.000000
279,OH,R394,1.000000
89,NPRNO3,R395,1.000000
255,R395,RCHO,1.000000
270,R395,NO2,1.000000
279,OH,R395,1.000000
6,R396,CO2,0.407000
32,R396,LOx,1.000000
33,R396,PCO,0.407000
37,R396,PH2O2,0.013000
208,R396,H2O2,0.013000
220,ISOP,R396,1.000000
230,R396,CH2OO,0.580000
244,R396,MVK,0.177000
247,R396,MACR,0.416000
258,R396,CO,0.407000
262,R396,CH2O,0.827000
263,R396,MO2,0.407000
269,O3,R396,1.000000
279,R396,OH,0.280000
281,R396,HO2,0.160000
13,R397,LISOPOH,1.000000
220,ISOP,R397,1.000000
242,R397,IHOO1,1.000000
279,OH,R397,1.000000
13,R398,LISOPOH,1.000000
220,ISOP,R398,1.000000
243,R398,IHOO4,1.000000
279,OH,R398,1.000000
13,R399,LISOPOH,1.000000
33,R399,PCO,0.600000
125,R399,HPALD3,0.150000
168,R399,HPETHNL,0.300000
182,R399,HPALD1,0.250000
220,ISOP,R399,1.000000
228,R399,MGLY,0.300000
257,R399,MCO3,0.300000
258,R399,CO,0.600000
262,R399,CH2O,0.300000
279,R399,OH,0.500000
281,R399,HO2,0.400000
13,R400,LISOPOH,1.000000
33,R400,PCO,0.900000
126,R400,HPALD4,0.150000
184,R400,HPALD2,0.250000
193,R400,ATOOH,0.300000
220,ISOP,R400,1.000000
228,R400,MGLY,0.300000
258,R400,CO,0.900000
262,R400,CH2O,0.300000
279,R400,OH,0.500000
281,R400,HO2,0.700000
153,R401,RIPA,0.937000
242,IHOO1,R401,1.000000
244,R401,MVK,0.063000
262,R401,CH2O,0.063000
279,R401,OH,0.063000
281,HO2,R401,0.937000
167,R402,RIPC,1.000000
242,IHOO1,R402,1.000000
281,HO2,R402,1.000000
158,R403,RIPB,0.937000
243,IHOO4,R403,1.000000
247,R403,MACR,0.063000
262,R403,CH2O,0.063000
279,R403,OH,0.063000
281,HO2,R403,0.937000
161,R404,RIPD,1.000000
243,IHOO4,R404,1.000000
281,HO2,R404,1.000000
242,IHOO1,R405,1.000000
244,R405,MVK,1.000000
262,R405,CH2O,1.000000
279,R405,OH,1.000000
33,R406,PCO,0.600000
125,R406,HPALD3,0.150000
168,R406,HPETHNL,0.300000
182,R406,HPALD1,0.250000
228,R406,MGLY,0.300000
242,IHOO1,R406,1.000000
257,R406,MCO3,0.300000
258,R406,CO,0.600000
262,R406,CH2O,0.300000
279,R406,OH,1.500000
281,R406,HO2,0.400000
243,IHOO4,R407,1.000000
247,R407,MACR,1.000000
262,R407,CH2O,1.000000
279,R407,OH,1.000000
33,R408,PCO,0.900000
126,R408,HPALD4,0.150000
184,R408,HPALD2,0.250000
193,R408,ATOOH,0.300000
228,R408,MGLY,0.300000
243,IHOO4,R408,1.000000
258,R408,CO,0.900000
262,R408,CH2O,0.300000
279,R408,OH,1.500000
281,R408,HO2,0.700000
242,IHOO1,R409,2.000000
244,R409,MVK,2.000000
262,R409,CH2O,2.000000
281,R409,HO2,2.000000
243,IHOO4,R410,2.000000
247,R410,MACR,2.000000
262,R410,CH2O,2.000000
281,R410,HO2,2.000000
242,IHOO1,R411,1.000000
243,IHOO4,R411,1.000000
244,R411,MVK,1.000000
247,R411,MACR,1.000000
262,R411,CH2O,2.000000
281,R411,HO2,2.000000
33,R412,PCO,1.000000
189,R412,HC5A,1.000000
226,R412,MVKHP,1.000000
242,IHOO1,R412,2.000000
258,R412,CO,1.000000
279,R412,OH,1.000000
281,R412,HO2,1.000000
33,R413,PCO,1.000000
189,R413,HC5A,1.000000
227,R413,MCRHP,1.000000
243,IHOO4,R413,2.000000
258,R413,CO,1.000000
279,R413,OH,1.000000
281,R413,HO2,1.000000
33,R414,PCO,1.000000
189,R414,HC5A,1.000000
226,R414,MVKHP,0.500000
227,R414,MCRHP,0.500000
242,IHOO1,R414,1.000000
243,IHOO4,R414,1.000000
258,R414,CO,1.000000
279,R414,OH,1.000000
281,R414,HO2,1.000000
242,IHOO1,R415,1.000000
244,R415,MVK,1.000000
262,R415,CH2O,2.000000
263,MO2,R415,1.000000
281,R415,HO2,2.000000
33,R416,PCO,0.500000
189,R416,HC5A,0.500000
226,R416,MVKHP,0.500000
242,IHOO1,R416,1.000000
258,R416,CO,0.500000
262,R416,CH2O,1.000000
263,MO2,R416,1.000000
279,R416,OH,0.500000
281,R416,HO2,1.500000
243,IHOO4,R417,1.000000
247,R417,MACR,1.000000
262,R417,CH2O,2.000000
263,MO2,R417,1.000000
281,R417,HO2,2.000000
33,R418,PCO,0.500000
189,R418,HC5A,0.500000
227,R418,MCRHP,0.500000
243,IHOO4,R418,1.000000
258,R418,CO,0.500000
262,R418,CH2O,1.000000
263,MO2,R418,1.000000
279,R418,OH,0.500000
281,R418,HO2,1.500000
136,R419,IHN2,1.000000
242,IHOO1,R419,1.000000
280,NO,R419,1.000000
242,IHOO1,R420,1.000000
244,R420,MVK,1.000000
262,R420,CH2O,1.000000
270,R420,NO2,1.000000
280,NO,R420,1.000000
281,R420,HO2,1.000000
210,R421,IHN4,1.000000
242,IHOO1,R421,1.000000
280,NO,R421,1.000000
33,R422,PCO,0.550000
189,R422,HC5A,0.450000
226,R422,MVKHP,0.550000
242,IHOO1,R422,1.000000
258,R422,CO,0.550000
270,R422,NO2,1.000000
279,R422,OH,0.550000
280,NO,R422,1.000000
281,R422,HO2,0.450000
137,R423,IHN3,1.000000
243,IHOO4,R423,1.000000
280,NO,R423,1.000000
243,IHOO4,R424,1.000000
247,R424,MACR,1.000000
262,R424,CH2O,1.000000
270,R424,NO2,1.000000
280,NO,R424,1.000000
281,R424,HO2,1.000000
216,R425,IHN1,1.000000
243,IHOO4,R425,1.000000
280,NO,R425,1.000000
33,R426,PCO,0.550000
189,R426,HC5A,0.450000
227,R426,MCRHP,0.550000
243,IHOO4,R426,1.000000
258,R426,CO,0.550000
270,R426,NO2,1.000000
279,R426,OH,0.550000
280,NO,R426,1.000000
281,R426,HO2,0.450000
33,R427,PCO,0.450000
106,R427,IDC,0.150000
120,R427,HPALD1OO,0.315000
170,R427,ICHE,0.085000
182,HPALD1,R427,1.000000
226,R427,MVKHP,0.330000
228,R427,MGLY,0.085000
244,R427,MVK,0.035000
258,R427,CO,0.450000
262,R427,CH2O,0.085000
279,R427,OH,0.085000
281,R427,HO2,0.085000
33,R428,PCO,0.370000
106,R428,IDC,0.150000
117,R428,HPALD2OO,0.315000
170,R428,ICHE,0.165000
184,HPALD2,R428,1.000000
227,R428,MCRHP,0.170000
228,R428,MGLY,0.165000
247,R428,MACR,0.035000
258,R428,CO,0.370000
262,R428,CH2O,0.165000
279,R428,OH,0.165000
281,R428,HO2,0.165000
33,R429,PCO,0.420000
125,HPALD3,R429,1.000000
170,R429,ICHE,0.580000
226,R429,MVKHP,0.190000
244,R429,MVK,0.230000
258,R429,CO,0.420000
279,OH,R429,1.000000
279,R429,OH,1.000000
33,R430,PCO,0.230000
126,HPALD4,R430,1.000000
170,R430,ICHE,0.770000
227,R430,MCRHP,0.090000
247,R430,MACR,0.140000
258,R430,CO,0.230000
279,OH,R430,1.000000
279,R430,OH,1.000000
6,R431,CO2,0.355000
33,R431,PCO,0.638000
189,HC5A,R431,1.000000
224,R431,IEPOXBOO,0.068000
225,R431,IEPOXAOO,0.294000
226,R431,MVKHP,0.125000
227,R431,MCRHP,0.158000
228,R431,MGLY,0.355000
258,R431,CO,0.638000
279,R431,OH,0.065000
281,R431,HO2,0.283000
33,R432,PCO,1.500000
170,ICHE,R432,1.000000
228,R432,MGLY,0.500000
246,R432,HAC,0.500000
258,R432,CO,1.500000
262,R432,CH2O,0.500000
279,OH,R432,1.000000
279,R432,OH,1.000000
33,R433,PCO,1.000000
106,IDC,R433,1.000000
152,R433,MVKPC,1.000000
258,R433,CO,1.000000
279,OH,R433,1.000000
281,R433,HO2,1.000000
23,R434,LVOC,0.005000
153,RIPA,R434,1.000000
179,R434,IHPOO1,0.345000
183,R434,IHPOO3,0.655000
279,OH,R434,1.000000
23,R435,LVOC,0.005000
127,R435,IEPOXA,0.670000
128,R435,IEPOXB,0.330000
153,RIPA,R435,1.000000
279,OH,R435,1.000000
279,R435,OH,1.000000
23,R436,LVOC,0.005000
158,RIPB,R436,1.000000
180,R436,IHPOO2,0.345000
183,R436,IHPOO3,0.655000
279,OH,R436,1.000000
23,R437,LVOC,0.005000
127,R437,IEPOXA,0.680000
128,R437,IEPOXB,0.320000
158,RIPB,R437,1.000000
279,OH,R437,1.000000
279,R437,OH,1.000000
23,R438,LVOC,0.005000
33,R438,PCO,0.250000
153,RIPA,R438,1.000000
226,R438,MVKHP,0.125000
242,R438,IHOO1,0.750000
244,R438,MVK,0.125000
258,R438,CO,0.250000
279,OH,R438,1.000000
281,R438,HO2,0.250000
23,R439,LVOC,0.005000
33,R439,PCO,0.330000
158,RIPB,R439,1.000000
190,R439,ICHOO,0.160000
227,R439,MCRHP,0.165000
243,R439,IHOO4,0.510000
247,R439,MACR,0.165000
258,R439,CO,0.330000
279,OH,R439,1.000000
281,R439,HO2,0.330000
23,R440,LVOC,0.005000
33,R440,PCO,0.036000
115,R440,IEPOXD,0.255000
125,R440,HPALD3,0.009000
167,RIPC,R440,1.000000
168,R440,HPETHNL,0.018000
179,R440,IHPOO1,0.595000
182,R440,HPALD1,0.015000
189,R440,HC5A,0.060000
228,R440,MGLY,0.018000
242,R440,IHOO1,0.030000
257,R440,MCO3,0.018000
258,R440,CO,0.036000
262,R440,CH2O,0.018000
279,OH,R440,0.595000
281,R440,HO2,0.024000
23,R441,LVOC,0.005000
33,R441,PCO,0.054000
115,R441,IEPOXD,0.595000
126,R441,HPALD4,0.009000
161,RIPD,R441,1.000000
180,R441,IHPOO2,0.255000
184,R441,HPALD2,0.015000
189,R441,HC5A,0.060000
193,R441,ATOOH,0.018000
228,R441,MGLY,0.018000
243,R441,IHOO4,0.030000
258,R441,CO,0.054000
262,R441,CH2O,0.018000
279,OH,R441,0.255000
281,R441,HO2,0.042000
159,R442,IDHPE,0.824000
179,IHPOO1,R442,1.000000
202,R442,ICPDH,0.176000
279,R442,OH,1.000000
168,R443,HPETHNL,0.284000
179,IHPOO1,R443,1.000000
227,R443,MCRHP,0.716000
246,R443,HAC,0.284000
262,R443,CH2O,0.716000
270,R443,NO2,1.000000
280,NO,R443,1.000000
281,R443,HO2,1.000000
179,IHPOO1,R444,1.000000
238,R444,ITHN,1.000000
280,NO,R444,1.000000
140,R445,IDHDP,0.725000
168,R445,HPETHNL,0.135000
179,IHPOO1,R445,1.000000
227,R445,MCRHP,0.140000
246,R445,HAC,0.135000
262,R445,CH2O,0.140000
279,R445,OH,0.275000
281,HO2,R445,0.725000
159,R446,IDHPE,0.452000
180,IHPOO2,R446,1.000000
202,R446,ICPDH,0.548000
279,R446,OH,1.000000
180,IHPOO2,R447,1.000000
193,R447,ATOOH,0.294000
226,R447,MVKHP,0.706000
232,R447,GLYC,0.294000
262,R447,CH2O,0.706000
270,R447,NO2,1.000000
280,NO,R447,1.000000
281,R447,HO2,1.000000
180,IHPOO2,R448,1.000000
238,R448,ITHN,1.000000
280,NO,R448,1.000000
140,R449,IDHDP,0.725000
180,IHPOO2,R449,1.000000
193,R449,ATOOH,0.135000
226,R449,MVKHP,0.140000
232,R449,GLYC,0.135000
262,R449,CH2O,0.140000
279,R449,OH,0.275000
281,HO2,R449,0.725000
159,R450,IDHPE,1.000000
183,IHPOO3,R450,1.000000
183,IHPOO3,R451,1.000000
232,R451,GLYC,1.000000
246,R451,HAC,1.000000
270,R451,NO2,1.000000
279,R451,OH,1.000000
280,NO,R451,1.000000
183,IHPOO3,R452,1.000000
238,R452,ITHN,1.000000
280,NO,R452,1.000000
140,R453,IDHDP,0.350000
183,IHPOO3,R453,1.000000
232,R453,GLYC,0.650000
246,R453,HAC,0.650000
279,R453,OH,1.300000
281,HO2,R453,1.000000
115,IEPOXD,R454,1.000000
170,R454,ICHE,0.750000
190,R454,ICHOO,0.250000
279,OH,R454,1.000000
281,R454,HO2,0.750000
127,IEPOXA,R455,1.000000
170,R455,ICHE,1.000000
279,OH,R455,1.000000
281,R455,HO2,1.000000
127,IEPOXA,R456,1.000000
224,R456,IEPOXBOO,0.330000
225,R456,IEPOXAOO,0.670000
279,OH,R456,1.000000
128,IEPOXB,R457,1.000000
170,R457,ICHE,1.000000
279,OH,R457,1.000000
281,R457,HO2,1.000000
128,IEPOXB,R458,1.000000
224,R458,IEPOXBOO,0.190000
225,R458,IEPOXAOO,0.810000
279,OH,R458,1.000000
122,R459,IDCHP,1.000000
225,IEPOXAOO,R459,1.000000
281,R459,HO2,1.000000
33,R460,PCO,1.000000
116,R460,MVKDH,1.000000
225,IEPOXAOO,R460,1.000000
258,R460,CO,1.000000
279,R460,OH,1.000000
33,R461,PCO,0.130000
116,R461,MVKDH,0.130000
202,R461,ICPDH,0.350000
225,IEPOXAOO,R461,1.000000
228,R461,MGLY,0.520000
232,R461,GLYC,0.520000
258,R461,CO,0.130000
279,R461,OH,0.650000
281,HO2,R461,0.350000
33,R462,PCO,0.200000
116,R462,MVKDH,0.200000
225,IEPOXAOO,R462,1.000000
228,R462,MGLY,0.800000
232,R462,GLYC,0.800000
258,R462,CO,0.200000
270,R462,NO2,1.000000
280,NO,R462,1.000000
281,R462,HO2,1.000000
209,R463,ITCN,1.000000
225,IEPOXAOO,R463,1.000000
280,NO,R463,1.000000
122,R464,IDCHP,1.000000
224,IEPOXBOO,R464,1.000000
281,R464,HO2,1.000000
33,R465,PCO,1.000000
130,R465,MCRDH,1.000000
224,IEPOXBOO,R465,1.000000
258,R465,CO,1.000000
279,R465,OH,1.000000
33,R466,PCO,0.200000
130,R466,MCRDH,0.200000
218,R466,GLYX,0.800000
224,IEPOXBOO,R466,1.000000
246,R466,HAC,0.800000
258,R466,CO,0.200000
270,R466,NO2,1.000000
280,NO,R466,1.000000
281,R466,HO2,1.000000
209,R467,ITCN,1.000000
224,IEPOXBOO,R467,1.000000
280,NO,R467,1.000000
33,R468,PCO,0.130000
130,R468,MCRDH,0.130000
202,R468,ICPDH,0.350000
218,R468,GLYX,0.520000
224,IEPOXBOO,R468,1.000000
246,R468,HAC,0.520000
258,R468,CO,0.130000
279,R468,OH,0.650000
281,HO2,R468,0.350000
33,R469,PCO,0.520000
166,R469,MVKHC,0.130000
190,ICHOO,R469,1.000000
202,R469,ICPDH,0.350000
246,R469,HAC,0.520000
258,R469,CO,0.520000
262,R469,CH2O,0.650000
279,R469,OH,0.650000
281,HO2,R469,0.350000
190,ICHOO,R470,1.000000
209,R470,ITCN,1.000000
280,NO,R470,1.000000
33,R471,PCO,0.800000
166,R471,MVKHC,0.200000
190,ICHOO,R471,1.000000
246,R471,HAC,0.800000
258,R471,CO,0.800000
262,R471,CH2O,1.000000
270,R471,NO2,1.000000
280,NO,R471,1.000000
281,R471,HO2,1.000000
33,R472,PCO,2.000000
190,ICHOO,R472,1.000000
246,R472,HAC,1.000000
258,R472,CO,2.000000
279,R472,OH,1.000000
281,R472,HO2,1.000000
6,R473,CO2,1.000000
120,HPALD1OO,R473,1.000000
244,R473,MVK,1.000000
270,R473,NO2,1.000000
279,R473,OH,1.000000
280,NO,R473,1.000000
6,R474,CO2,1.000000
120,HPALD1OO,R474,1.000000
244,R474,MVK,1.000000
279,R474,OH,2.000000
281,HO2,R474,1.000000
6,R475,CO2,1.000000
117,HPALD2OO,R475,1.000000
247,R475,MACR,1.000000
270,R475,NO2,1.000000
279,R475,OH,1.000000
280,NO,R475,1.000000
6,R476,CO2,1.000000
117,HPALD2OO,R476,1.000000
247,R476,MACR,1.000000
279,R476,OH,2.000000
281,HO2,R476,1.000000
136,IHN2,R477,1.000000
162,R477,ISOPNOO1,1.000000
279,OH,R477,1.000000
127,R478,IEPOXA,0.670000
128,R478,IEPOXB,0.330000
136,IHN2,R478,1.000000
270,R478,NO2,1.000000
279,OH,R478,1.000000
137,IHN3,R479,1.000000
148,R479,ISOPNOO2,1.000000
279,OH,R479,1.000000
127,R480,IEPOXA,0.670000
128,R480,IEPOXB,0.330000
137,IHN3,R480,1.000000
270,R480,NO2,1.000000
279,OH,R480,1.000000
115,R481,IEPOXD,1.000000
216,IHN1,R481,1.000000
270,R481,NO2,1.000000
279,OH,R481,1.000000
164,R482,IDHNDOO1,1.000000
216,IHN1,R482,1.000000
279,OH,R482,1.000000
115,R483,IEPOXD,1.000000
210,IHN4,R483,1.000000
270,R483,NO2,1.000000
279,OH,R483,1.000000
163,R484,IDHNDOO2,1.000000
210,IHN4,R484,1.000000
279,OH,R484,1.000000
33,R485,PCO,0.600000
171,R485,MCRHNB,0.600000
216,IHN1,R485,1.000000
236,R485,ICN,0.400000
258,R485,CO,0.600000
279,OH,R485,0.400000
281,R485,HO2,0.400000
33,R486,PCO,0.600000
210,IHN4,R486,1.000000
236,R486,ICN,0.400000
237,R486,MVKN,0.600000
258,R486,CO,0.600000
279,OH,R486,0.400000
281,R486,HO2,0.400000
162,ISOPNOO1,R487,1.000000
209,R487,ITCN,1.000000
281,R487,HO2,1.000000
162,ISOPNOO1,R488,1.000000
195,R488,MCRHN,0.059000
232,R488,GLYC,0.459000
238,R488,ITHN,0.482000
246,R488,HAC,0.459000
262,R488,CH2O,0.059000
270,R488,NO2,0.459000
279,R488,OH,0.518000
281,HO2,R488,0.941000
162,ISOPNOO1,R489,1.000000
195,R489,MCRHN,0.272000
232,R489,GLYC,0.728000
246,R489,HAC,0.728000
262,R489,CH2O,0.272000
270,R489,NO2,1.728000
280,NO,R489,1.000000
281,R489,HO2,0.272000
162,ISOPNOO1,R490,1.000000
239,R490,IDN,1.000000
280,NO,R490,1.000000
148,ISOPNOO2,R491,1.000000
209,R491,ITCN,1.000000
281,R491,HO2,1.000000
148,ISOPNOO2,R492,1.000000
237,R492,MVKN,0.599000
238,R492,ITHN,0.401000
262,R492,CH2O,0.599000
279,R492,OH,0.599000
281,HO2,R492,0.401000
148,ISOPNOO2,R493,1.000000
237,R493,MVKN,1.000000
262,R493,CH2O,1.000000
270,R493,NO2,1.000000
280,NO,R493,1.000000
281,R493,HO2,1.000000
148,ISOPNOO2,R494,1.000000
239,R494,IDN,1.000000
280,NO,R494,1.000000
164,IDHNDOO1,R495,1.000000
209,R495,ITCN,1.000000
281,R495,HO2,1.000000
163,IDHNDOO2,R496,1.000000
209,R496,ITCN,1.000000
281,R496,HO2,1.000000
164,IDHNDOO1,R497,1.000000
171,R497,MCRHNB,0.031000
194,R497,PROPNN,0.551000
232,R497,GLYC,0.551000
238,R497,ITHN,0.418000
262,R497,CH2O,0.031000
279,R497,OH,0.582000
281,HO2,R497,0.418000
164,IDHNDOO1,R498,1.000000
171,R498,MCRHNB,0.065000
194,R498,PROPNN,0.935000
232,R498,GLYC,0.935000
262,R498,CH2O,0.065000
270,R498,NO2,1.000000
280,NO,R498,1.000000
281,R498,HO2,1.000000
164,IDHNDOO1,R499,1.000000
239,R499,IDN,1.000000
280,NO,R499,1.000000
163,IDHNDOO2,R500,1.000000
205,R500,ETHLN,0.441000
237,R500,MVKN,0.065000
238,R500,ITHN,0.494000
246,R500,HAC,0.441000
262,R500,CH2O,0.065000
279,R500,OH,0.506000
281,HO2,R500,0.494000
163,IDHNDOO2,R501,1.000000
205,R501,ETHLN,0.858000
237,R501,MVKN,0.142000
246,R501,HAC,0.858000
262,R501,CH2O,0.142000
270,R501,NO2,1.000000
280,NO,R501,1.000000
281,R501,HO2,1.000000
163,IDHNDOO2,R502,1.000000
239,R502,IDN,1.000000
280,NO,R502,1.000000
171,R503,MCRHNB,0.094000
194,R503,PROPNN,0.242000
205,R503,ETHLN,0.033000
229,IDHNBOO,R503,1.000000
232,R503,GLYC,0.242000
237,R503,MVKN,0.010000
238,R503,ITHN,0.621000
246,R503,HAC,0.033000
262,R503,CH2O,0.104000
279,R503,OH,0.379000
281,HO2,R503,0.621000
171,R504,MCRHNB,0.355000
194,R504,PROPNN,0.546000
205,R504,ETHLN,0.071000
229,IDHNBOO,R504,1.000000
232,R504,GLYC,0.546000
237,R504,MVKN,0.028000
246,R504,HAC,0.071000
262,R504,CH2O,0.383000
270,R504,NO2,1.000000
280,NO,R504,1.000000
281,R504,HO2,1.000000
229,IDHNBOO,R505,1.000000
239,R505,IDN,1.000000
280,NO,R505,1.000000
14,R506,LISOPNO3,1.000000
220,ISOP,R506,1.000000
240,R506,INO2B,0.465000
241,R506,INO2D,0.535000
283,NO3,R506,1.000000
177,R507,INPB,0.473000
240,INO2B,R507,1.000000
244,R507,MVK,0.479000
247,R507,MACR,0.048000
262,R507,CH2O,0.527000
270,R507,NO2,0.527000
279,R507,OH,0.527000
281,HO2,R507,1.000000
147,R508,INPD,1.000000
241,INO2D,R508,1.000000
281,HO2,R508,1.000000
177,R509,INPB,0.070000
236,R509,ICN,0.070000
240,INO2B,R509,2.000000
244,R509,MVK,1.737000
247,R509,MACR,0.123000
262,R509,CH2O,1.860000
270,R509,NO2,1.860000
123,R510,INA,0.474000
177,R510,INPB,0.399000
216,R510,IHN1,0.032000
236,R510,ICN,0.532000
240,INO2B,R510,1.000000
241,INO2D,R510,1.000000
244,R510,MVK,0.544000
247,R510,MACR,0.019000
262,R510,CH2O,0.563000
270,R510,NO2,0.563000
281,R510,HO2,0.089000
123,R511,INA,0.340000
210,R511,IHN4,0.127000
216,R511,IHN1,0.671000
236,R511,ICN,0.861000
241,INO2D,R511,2.000000
281,R511,HO2,0.064000
123,R512,INA,0.244000
210,R512,IHN4,0.057000
214,R512,MOH,0.355000
216,R512,IHN1,0.298000
236,R512,ICN,0.401000
241,INO2D,R512,1.000000
262,R512,CH2O,0.645000
263,MO2,R512,1.000000
281,R512,HO2,0.336000
177,R513,INPB,0.355000
214,R513,MOH,0.034000
236,R513,ICN,0.034000
240,INO2B,R513,1.000000
244,R513,MVK,0.583000
247,R513,MACR,0.028000
262,R513,CH2O,1.577000
263,MO2,R513,1.000000
270,R513,NO2,0.611000
281,R513,HO2,0.611000
240,INO2B,R514,1.000000
244,R514,MVK,0.903000
247,R514,MACR,0.097000
257,MCO3,R514,1.000000
262,R514,CH2O,1.000000
263,R514,MO2,1.000000
270,R514,NO2,1.000000
123,R515,INA,0.841000
236,R515,ICN,0.159000
241,INO2D,R515,1.000000
257,MCO3,R515,1.000000
263,R515,MO2,1.000000
281,R515,HO2,0.159000
240,INO2B,R516,1.000000
244,R516,MVK,0.903000
247,R516,MACR,0.097000
262,R516,CH2O,1.000000
270,R516,NO2,2.000000
283,NO3,R516,1.000000
123,R517,INA,0.841000
236,R517,ICN,0.159000
241,INO2D,R517,1.000000
270,R517,NO2,1.000000
281,R517,HO2,0.159000
283,NO3,R517,1.000000
240,INO2B,R518,1.000000
244,R518,MVK,0.904000
247,R518,MACR,0.096000
262,R518,CH2O,1.000000
270,R518,NO2,2.000000
280,NO,R518,1.000000
239,R519,IDN,1.000000
240,INO2B,R519,1.000000
280,NO,R519,1.000000
123,R520,INA,0.841000
236,R520,ICN,0.159000
241,INO2D,R520,1.000000
270,R520,NO2,1.000000
280,NO,R520,1.000000
281,R520,HO2,0.159000
239,R521,IDN,1.000000
241,INO2D,R521,1.000000
280,NO,R521,1.000000
123,INA,R522,1.000000
236,R522,ICN,1.000000
281,R522,HO2,1.000000
123,INA,R523,1.000000
229,R523,IDHNBOO,1.000000
177,INPB,R524,1.000000
217,R524,IHPNBOO,0.670000
229,R524,IDHNBOO,0.330000
279,OH,R524,1.000000
147,INPD,R525,1.000000
185,R525,IHPNDOO,1.000000
279,OH,R525,1.000000
177,INPB,R526,1.000000
238,R526,ITHN,1.000000
279,OH,R526,1.000000
279,R526,OH,1.000000
147,INPD,R527,1.000000
238,R527,ITHN,1.000000
279,OH,R527,1.000000
279,R527,OH,1.000000
147,INPD,R528,1.000000
170,R528,ICHE,1.000000
270,R528,NO2,1.000000
279,OH,R528,1.000000
177,INPB,R529,1.000000
240,R529,INO2B,1.000000
279,OH,R529,1.000000
147,INPD,R530,1.000000
241,R530,INO2D,1.000000
279,OH,R530,1.000000
147,INPD,R531,1.000000
236,R531,ICN,1.000000
279,OH,R531,1.000000
279,R531,OH,1.000000
185,IHPNDOO,R532,1.000000
209,R532,ITCN,1.000000
279,R532,OH,1.000000
209,R533,ITCN,0.500000
217,IHPNBOO,R533,1.000000
238,R533,ITHN,0.500000
279,R533,OH,1.000000
168,R534,HPETHNL,0.249000
171,R534,MCRHNB,0.060000
193,R534,ATOOH,0.009000
194,R534,PROPNN,0.589000
205,R534,ETHLN,0.051000
217,IHPNBOO,R534,1.000000
226,R534,MVKHP,0.054000
227,R534,MCRHP,0.004000
232,R534,GLYC,0.340000
237,R534,MVKN,0.008000
238,R534,ITHN,0.234000
246,R534,HAC,0.042000
262,R534,CH2O,0.126000
270,R534,NO2,0.058000
279,R534,OH,1.147000
281,HO2,R534,0.674000
168,R535,HPETHNL,0.471000
171,R535,MCRHNB,0.073000
185,IHPNDOO,R535,1.000000
193,R535,ATOOH,0.054000
194,R535,PROPNN,0.471000
205,R535,ETHLN,0.054000
237,R535,MVKN,0.015000
238,R535,ITHN,0.387000
262,R535,CH2O,0.088000
279,R535,OH,0.646000
281,HO2,R535,0.420000
168,R536,HPETHNL,0.303000
171,R536,MCRHNB,0.170000
193,R536,ATOOH,0.013000
194,R536,PROPNN,0.687000
205,R536,ETHLN,0.064000
217,IHPNBOO,R536,1.000000
226,R536,MVKHP,0.059000
227,R536,MCRHP,0.006000
232,R536,GLYC,0.384000
237,R536,MVKN,0.014000
246,R536,HAC,0.051000
262,R536,CH2O,0.249000
270,R536,NO2,1.065000
279,R536,OH,0.435000
280,NO,R536,1.000000
281,R536,HO2,0.500000
217,IHPNBOO,R537,1.000000
239,R537,IDN,1.000000
280,NO,R537,1.000000
168,R538,HPETHNL,0.590000
171,R538,MCRHNB,0.291000
185,IHPNDOO,R538,1.000000
193,R538,ATOOH,0.070000
194,R538,PROPNN,0.590000
205,R538,ETHLN,0.070000
237,R538,MVKN,0.049000
262,R538,CH2O,0.340000
270,R538,NO2,1.000000
279,R538,OH,0.096000
280,NO,R538,1.000000
281,R538,HO2,0.904000
185,IHPNDOO,R539,1.000000
239,R539,IDN,1.000000
280,NO,R539,1.000000
170,R540,ICHE,1.000000
236,ICN,R540,1.000000
270,R540,NO2,1.000000
279,OH,R540,1.000000
33,R541,PCO,0.539000
146,R541,ICNOO,0.461000
171,R541,MCRHNB,0.378000
236,ICN,R541,1.000000
237,R541,MVKN,0.161000
258,R541,CO,0.539000
279,OH,R541,0.756000
281,R541,HO2,0.295000
6,R542,CO2,0.330000
33,R542,PCO,0.330000
146,ICNOO,R542,0.330000
194,R542,PROPNN,0.231000
205,R542,ETHLN,0.099000
258,R542,CO,0.330000
270,R542,NO2,1.000000
280,NO,R542,1.000000
281,R542,HO2,0.330000
6,R543,CO2,0.330000
33,R543,PCO,0.330000
146,ICNOO,R543,0.330000
194,R543,PROPNN,0.231000
205,R543,ETHLN,0.099000
258,R543,CO,0.330000
279,R543,OH,1.000000
281,HO2,R543,0.670000
143,R544,IDNOO,0.435000
238,R544,ITHN,0.565000
239,IDN,R544,1.000000
270,R544,NO2,0.565000
279,OH,R544,1.000000
143,IDNOO,R545,1.000000
194,R545,PROPNN,1.000000
205,R545,ETHLN,0.890000
232,R545,GLYC,0.110000
270,R545,NO2,1.110000
280,NO,R545,1.000000
281,R545,HO2,0.890000
143,IDNOO,R546,1.000000
194,R546,PROPNN,0.820000
205,R546,ETHLN,0.730000
232,R546,GLYC,0.090000
239,R546,IDN,0.180000
270,R546,NO2,0.090000
279,R546,OH,0.820000
281,HO2,R546,0.270000
200,R547,MVKOHOO,1.000000
244,MVK,R547,1.000000
279,OH,R547,1.000000
32,R548,LOx,1.000000
33,R548,PCO,0.180000
37,R548,PH2O2,0.045000
104,R548,PYAC,0.075000
208,R548,H2O2,0.045000
228,R548,MGLY,0.545000
230,R548,CH2OO,0.500000
244,MVK,R548,1.000000
257,R548,MCO3,0.380000
258,R548,CO,0.180000
262,R548,CH2O,0.600000
269,O3,R548,1.000000
279,R548,OH,0.080000
281,R548,HO2,0.100000
33,R549,PCO,0.036000
193,R549,ATOOH,0.036000
201,R549,MCROHOO,0.964000
247,MACR,R549,1.000000
258,R549,CO,0.036000
279,OH,R549,1.000000
281,R549,HO2,0.036000
203,R550,MACR1OO,1.000000
247,MACR,R550,1.000000
279,OH,R550,1.000000
32,R551,LOx,1.000000
33,R551,PCO,0.120000
228,R551,MGLY,0.880000
230,R551,CH2OO,0.880000
247,MACR,R551,1.000000
257,R551,MCO3,0.120000
258,R551,CO,0.120000
262,R551,CH2O,0.120000
269,O3,R551,1.000000
279,R551,OH,0.120000
33,R552,PCO,0.680000
194,R552,PROPNN,0.680000
203,R552,MACR1OO,0.320000
247,MACR,R552,1.000000
258,R552,CO,0.680000
260,R552,HNO3,0.320000
279,R552,OH,0.680000
283,NO3,R552,1.000000
104,R553,PYAC,0.241000
181,R553,MVKHCB,0.290000
207,R553,HCOOH,0.449000
228,R553,MGLY,0.449000
237,MVKN,R553,1.000000
257,R553,MCO3,0.040000
262,R553,CH2O,0.241000
270,R553,NO2,0.310000
279,OH,R553,0.980000
283,R553,NO3,0.690000
166,R554,MVKHC,0.530000
181,R554,MVKHCB,0.470000
226,MVKHP,R554,1.000000
279,OH,R554,1.000000
279,R554,OH,1.000000
6,R555,CO2,0.230000
33,R555,PCO,0.770000
193,R555,ATOOH,0.230000
227,MCRHP,R555,1.000000
246,R555,HAC,0.770000
258,R555,CO,0.770000
279,OH,R555,1.000000
279,R555,OH,1.000000
195,MCRHN,R556,1.000000
245,R556,MACRNO2,1.000000
279,OH,R556,1.000000
6,R557,CO2,0.750000
33,R557,PCO,0.250000
171,MCRHNB,R557,1.000000
194,R557,PROPNN,1.000000
258,R557,CO,0.250000
279,OH,R557,1.000000
279,R557,OH,1.000000
141,C4HVP1,R558,1.000000
200,R558,MVKOHOO,1.000000
270,R558,NO2,1.000000
280,NO,R558,1.000000
141,C4HVP1,R559,1.000000
200,R559,MVKOHOO,1.000000
279,R559,OH,1.000000
281,HO2,R559,1.000000
141,C4HVP1,R560,1.000000
237,R560,MVKN,1.000000
270,NO2,R560,1.000000
142,C4HVP2,R561,1.000000
201,R561,MCROHOO,1.000000
270,R561,NO2,1.000000
280,NO,R561,1.000000
142,C4HVP2,R562,1.000000
201,R562,MCROHOO,1.000000
279,R562,OH,1.000000
281,HO2,R562,1.000000
142,C4HVP2,R563,1.000000
195,R563,MCRHN,1.000000
270,NO2,R563,1.000000
6,R564,CO2,0.097000
33,R564,PCO,0.750000
104,R564,PYAC,0.653000
160,MCRENOL,R564,1.000000
181,R564,MVKHCB,0.063000
207,R564,HCOOH,0.187000
228,R564,MGLY,0.187000
257,R564,MCO3,0.097000
258,R564,CO,0.750000
279,OH,R564,0.715000
281,R564,HO2,0.715000
33,R565,PCO,1.000000
152,MVKPC,R565,1.000000
228,R565,MGLY,1.000000
258,R565,CO,1.000000
279,OH,R565,1.000000
279,R565,OH,1.000000
116,MVKDH,R566,1.000000
166,R566,MVKHC,0.600000
181,R566,MVKHCB,0.400000
279,OH,R566,1.000000
281,R566,HO2,1.000000
181,MVKHCB,R567,1.000000
228,R567,MGLY,1.000000
279,OH,R567,1.000000
279,R567,OH,1.000000
33,R568,PCO,2.000000
166,MVKHC,R568,1.000000
257,R568,MCO3,1.000000
258,R568,CO,2.000000
279,OH,R568,1.000000
281,R568,HO2,1.000000
33,R569,PCO,0.840000
130,MCRDH,R569,1.000000
181,R569,MVKHCB,0.160000
246,R569,HAC,0.840000
258,R569,CO,0.840000
279,OH,R569,1.000000
281,R569,HO2,1.000000
166,R570,MVKHC,0.255000
200,MVKOHOO,R570,1.000000
226,R570,MVKHP,0.335000
228,R570,MGLY,0.050000
232,R570,GLYC,0.360000
257,R570,MCO3,0.360000
262,R570,CH2O,0.050000
279,R570,OH,0.665000
281,HO2,R570,0.695000
200,MVKOHOO,R571,1.000000
228,R571,MGLY,0.242000
232,R571,GLYC,0.758000
257,R571,MCO3,0.758000
262,R571,CH2O,0.242000
270,R571,NO2,1.000000
280,NO,R571,1.000000
281,R571,HO2,0.242000
200,MVKOHOO,R572,1.000000
237,R572,MVKN,0.438000
280,NO,R572,1.000000
33,R573,PCO,0.507000
201,MCROHOO,R573,1.000000
227,R573,MCRHP,0.410000
228,R573,MGLY,0.083000
246,R573,HAC,0.507000
258,R573,CO,0.507000
262,R573,CH2O,0.083000
279,R573,OH,0.590000
281,HO2,R573,0.493000
6,R574,CO2,0.500000
31,R574,POx,0.130000
33,R574,PCO,0.325000
133,R574,MACR1OOH,0.500000
203,MACR1OO,R574,1.000000
257,R574,MCO3,0.175000
258,R574,CO,0.325000
262,R574,CH2O,0.500000
263,R574,MO2,0.325000
269,R574,O3,0.130000
279,R574,OH,0.500000
281,HO2,R574,1.000000
6,R575,CO2,0.415000
33,R575,PCO,0.488000
84,R575,HMML,0.098000
133,MACR1OOH,R575,1.000000
203,R575,MACR1OO,0.165000
246,R575,HAC,0.488000
257,R575,MCO3,0.087000
258,R575,CO,0.488000
262,R575,CH2O,0.250000
263,R575,MO2,0.162000
279,OH,R575,0.415000
33,R576,PCO,1.000000
201,MCROHOO,R576,1.000000
246,R576,HAC,1.000000
258,R576,CO,1.000000
279,R576,OH,1.000000
33,R577,PCO,0.860000
201,MCROHOO,R577,1.000000
228,R577,MGLY,0.140000
246,R577,HAC,0.860000
258,R577,CO,0.860000
262,R577,CH2O,0.140000
270,R577,NO2,1.000000
280,NO,R577,1.000000
281,R577,HO2,0.860000
195,R578,MCRHN,1.000000
201,MCROHOO,R578,1.000000
280,NO,R578,1.000000
6,R579,CO2,1.000000
33,R579,PCO,0.650000
203,MACR1OO,R579,1.000000
257,R579,MCO3,0.350000
258,R579,CO,0.650000
262,R579,CH2O,1.000000
263,R579,MO2,0.650000
270,R579,NO2,1.000000
280,NO,R579,1.000000
149,R580,MPAN,1.000000
203,MACR1OO,R580,1.000000
270,NO2,R580,1.000000
6,R581,CO2,0.500000
31,R581,POx,0.130000
171,R581,MCRHNB,0.130000
195,R581,MCRHN,0.370000
245,MACRNO2,R581,1.000000
246,R581,HAC,0.500000
269,R581,O3,0.130000
270,R581,NO2,0.500000
279,R581,OH,0.500000
281,HO2,R581,1.000000
6,R582,CO2,1.000000
245,MACRNO2,R582,1.000000
246,R582,HAC,1.000000
270,R582,NO2,2.000000
280,NO,R582,1.000000
149,R583,MPAN,1.000000
245,MACRNO2,R583,1.000000
270,NO2,R583,1.000000
270,R583,NO2,1.000000
6,R584,CO2,1.000000
245,MACRNO2,R584,1.000000
246,R584,HAC,1.000000
270,R584,NO2,2.000000
283,NO3,R584,1.000000
6,R585,CO2,0.700000
171,R585,MCRHNB,0.300000
245,MACRNO2,R585,1.000000
246,R585,HAC,0.700000
262,R585,CH2O,1.000000
263,MO2,R585,1.000000
270,R585,NO2,0.700000
281,R585,HO2,0.700000
149,MPAN,R586,1.000000
203,R586,MACR1OO,1.000000
270,R586,NO2,1.000000
33,R587,PCO,0.250000
84,R587,HMML,0.750000
149,MPAN,R587,1.000000
246,R587,HAC,0.250000
258,R587,CO,0.250000
279,OH,R587,1.000000
283,R587,NO3,1.000000
84,HMML,R588,1.000000
207,R588,HCOOH,0.300000
228,R588,MGLY,0.700000
257,R588,MCO3,0.300000
279,OH,R588,0.300000
33,R589,PCO,1.000000
116,R589,MVKDH,0.350000
130,R589,MCRDH,0.150000
202,ICPDH,R589,1.000000
227,R589,MCRHP,0.500000
258,R589,CO,1.000000
279,OH,R589,0.500000
281,R589,HO2,0.500000
33,R590,PCO,0.888000
122,IDCHP,R590,1.000000
152,R590,MVKPC,0.444000
166,R590,MVKHC,0.318000
181,R590,MVKHCB,0.126000
224,R590,IEPOXBOO,0.032000
225,R590,IEPOXAOO,0.080000
258,R590,CO,0.888000
279,OH,R590,0.556000
281,R590,HO2,0.444000
140,IDHDP,R591,1.000000
159,R591,IDHPE,0.667000
202,R591,ICPDH,0.333000
279,OH,R591,1.000000
279,R591,OH,1.000000
6,R592,CO2,1.000000
159,IDHPE,R592,1.000000
226,R592,MVKHP,0.429000
227,R592,MCRHP,0.571000
279,OH,R592,1.000000
279,R592,OH,1.000000
33,R593,PCO,1.000000
209,ITCN,R593,1.000000
226,R593,MVKHP,0.750000
227,R593,MCRHP,0.250000
258,R593,CO,1.000000
270,R593,NO2,1.000000
279,OH,R593,1.000000
146,R594,ICNOO,0.041000
160,R594,MCRENOL,0.022000
209,R594,ITCN,0.920000
229,R594,IDHNBOO,0.037000
238,ITHN,R594,1.000000
262,R594,CH2O,0.022000
270,R594,NO2,0.022000
279,OH,R594,0.700000
281,R594,HO2,0.620000
205,ETHLN,R595,1.000000
257,R595,MCO3,1.000000
260,R595,HNO3,1.000000
270,R595,NO2,1.000000
283,NO3,R595,1.000000
6,R596,CO2,1.000000
104,PYAC,R596,1.000000
257,R596,MCO3,1.000000
279,OH,R596,1.000000
83,HMHP,R597,1.000000
207,R597,HCOOH,0.500000
262,R597,CH2O,0.500000
279,OH,R597,0.500000
281,R597,HO2,0.500000
6,R598,CO2,0.500000
31,R598,POx,0.130000
66,R598,MAP,0.370000
215,R598,ACTA,0.130000
257,MCO3,R598,1.000000
263,R598,MO2,0.500000
269,R598,O3,0.130000
279,R598,OH,0.500000
281,HO2,R598,1.000000
33,R599,PCO,1.000000
168,HPETHNL,R599,1.000000
258,R599,CO,1.000000
262,R599,CH2O,1.000000
279,OH,R599,1.000000
279,R599,OH,1.000000
168,HPETHNL,R600,1.000000
218,R600,GLYX,1.000000
279,OH,R600,1.000000
279,R600,OH,1.000000
17,R601,NRO2,1.000000
18,NAP,R601,1.000000
279,OH,R601,1.000000
279,R601,OH,1.000000
15,R602,LNRO2H,1.000000
17,NRO2,R602,1.000000
281,HO2,R602,1.000000
281,R602,HO2,1.000000
16,R603,LNRO2N,1.000000
17,NRO2,R603,1.000000
280,NO,R603,1.000000
280,R603,NO,1.000000
32,R604,LOx,1.000000
75,C2H4,R604,1.000000
230,R604,CH2OO,1.000000
262,R604,CH2O,1.000000
269,O3,R604,1.000000
75,C2H4,R605,1.000000
175,R605,ETOO,1.000000
279,OH,R605,1.000000
33,R606,PCO,0.364000
54,C2H2,R606,1.000000
207,R606,HCOOH,0.364000
218,R606,GLYX,0.636000
258,R606,CO,0.364000
279,OH,R606,0.364000
281,R606,HO2,0.364000
114,R607,ETHP,1.000000
175,ETOO,R607,1.000000
281,HO2,R607,1.000000
64,R608,ETHN,0.005000
102,R608,ETO,0.995000
175,ETOO,R608,1.000000
270,R608,NO2,0.995000
280,NO,R608,1.000000
102,R609,ETO,1.000000
175,ETOO,R609,1.000000
270,R609,NO2,1.000000
283,NO3,R609,1.000000
102,R610,ETO,0.600000
114,R610,ETHP,0.200000
175,ETOO,R610,1.000000
214,R610,MOH,0.200000
232,R610,GLYC,0.200000
262,R610,CH2O,0.800000
263,MO2,R610,1.000000
281,R610,HO2,0.600000
102,ETO,R611,1.000000
262,R611,CH2O,2.000000
281,R611,HO2,1.000000
102,ETO,R612,1.000000
232,R612,GLYC,1.000000
281,R612,HO2,1.000000
64,ETHN,R613,1.000000
232,R613,GLYC,1.000000
270,R613,NO2,1.000000
279,OH,R613,1.000000
114,ETHP,R614,1.000000
175,R614,ETOO,1.000000
279,OH,R614,1.000000
114,ETHP,R615,1.000000
232,R615,GLYC,1.000000
279,OH,R615,1.000000
279,R615,OH,1.000000
12,R616,BRO2,1.000000
33,R616,PCO,0.200000
60,BENZ,R616,1.000000
118,R616,PHEN,0.540000
155,R616,AROMP4,0.560000
178,R616,AROMRO2,0.460000
218,R616,GLYX,0.180000
258,R616,CO,0.200000
279,OH,R616,1.000000
281,R616,HO2,0.540000
21,R617,TRO2,1.000000
33,R617,PCO,0.270000
76,TOLU,R617,1.000000
99,R617,BALD,0.060000
110,R617,CSL,0.190000
145,R617,AROMP5,0.300000
155,R617,AROMP4,0.680000
178,R617,AROMRO2,0.810000
218,R617,GLYX,0.120000
228,R617,MGLY,0.120000
244,R617,MVK,0.040000
258,R617,CO,0.270000
279,OH,R617,1.000000
281,R617,HO2,0.190000
26,R618,XRO2,1.000000
33,R618,PCO,0.300000
77,XYLE,R618,1.000000
99,R618,BALD,0.060000
110,R618,CSL,0.150000
145,R618,AROMP5,0.560000
155,R618,AROMP4,0.280000
178,R618,AROMRO2,0.850000
218,R618,GLYX,0.100000
228,R618,MGLY,0.200000
244,R618,MVK,0.040000
258,R618,CO,0.300000
279,OH,R618,1.000000
281,R618,HO2,0.150000
178,AROMRO2,R619,1.000000
279,R619,OH,1.000000
281,HO2,R619,1.000000
281,R619,HO2,1.000000
178,AROMRO2,R620,1.000000
270,R620,NO2,1.000000
280,NO,R620,1.000000
281,R620,HO2,1.000000
178,AROMRO2,R621,1.000000
270,R621,NO2,1.000000
281,R621,HO2,1.000000
283,NO3,R621,1.000000
178,AROMRO2,R622,1.000000
262,R622,CH2O,1.000000
263,MO2,R622,1.000000
281,R622,HO2,2.000000
178,AROMRO2,R623,1.000000
257,MCO3,R623,1.000000
263,R623,MO2,1.000000
281,R623,HO2,1.000000
118,PHEN,R624,1.000000
138,R624,MCT,0.800000
155,R624,AROMP4,0.180000
156,R624,BENZO,0.060000
178,R624,AROMRO2,0.140000
218,R624,GLYX,0.060000
279,OH,R624,1.000000
281,R624,HO2,0.800000
118,PHEN,R625,1.000000
156,R625,BENZO,0.742000
206,R625,NPHEN,0.258000
260,R625,HNO3,0.742000
283,NO3,R625,1.000000
110,CSL,R626,1.000000
138,R626,MCT,0.727000
145,R626,AROMP5,0.440000
156,R626,BENZO,0.073000
178,R626,AROMRO2,0.200000
279,OH,R626,1.000000
281,R626,HO2,0.727000
110,CSL,R627,1.000000
145,R627,AROMP5,0.440000
156,R627,BENZO,0.300000
178,R627,AROMRO2,0.200000
206,R627,NPHEN,0.500000
260,R627,HNO3,0.500000
283,NO3,R627,1.000000
138,MCT,R628,1.000000
155,R628,AROMP4,1.050000
156,R628,BENZO,0.300000
178,R628,AROMRO2,0.700000
279,OH,R628,1.000000
32,R629,LOx,1.000000
138,MCT,R629,1.000000
155,R629,AROMP4,1.000000
232,R629,GLYC,1.000000
269,O3,R629,1.000000
279,R629,OH,1.000000
281,R629,HO2,1.000000
138,MCT,R630,1.000000
155,R630,AROMP4,0.300000
156,R630,BENZO,0.300000
178,R630,AROMRO2,0.200000
206,R630,NPHEN,0.500000
260,R630,HNO3,0.500000
283,NO3,R630,1.000000
99,BALD,R631,1.000000
176,R631,BZCO3,1.000000
279,OH,R631,1.000000
99,BALD,R632,1.000000
176,R632,BZCO3,1.000000
260,R632,HNO3,1.000000
283,NO3,R632,1.000000
6,R633,CO2,0.350000
31,R633,POx,0.150000
67,R633,BZCO3H,0.650000
105,R633,BENZP,0.150000
176,BZCO3,R633,1.000000
187,R633,BENZO2,0.200000
269,R633,O3,0.150000
279,R633,OH,0.200000
281,HO2,R633,1.000000
6,R634,CO2,1.000000
176,BZCO3,R634,1.000000
187,R634,BENZO2,1.000000
270,R634,NO2,1.000000
280,NO,R634,1.000000
95,R635,BZPAN,1.000000
176,BZCO3,R635,1.000000
270,NO2,R635,1.000000
67,BZCO3H,R636,1.000000
176,R636,BZCO3,1.000000
279,OH,R636,1.000000
95,BZPAN,R637,1.000000
176,R637,BZCO3,1.000000
270,R637,NO2,1.000000
6,R638,CO2,1.000000
95,BZPAN,R638,1.000000
105,R638,BENZP,1.000000
270,R638,NO2,1.000000
279,OH,R638,1.000000
156,R639,BENZO,1.000000
187,BENZO2,R639,1.000000
270,NO2,R639,1.000000
283,R639,NO3,1.000000
156,R640,BENZO,1.000000
187,BENZO2,R640,1.000000
270,R640,NO2,1.000000
280,NO,R640,1.000000
156,R641,BENZO,1.000000
187,BENZO2,R641,1.000000
270,R641,NO2,1.000000
283,NO3,R641,1.000000
105,R642,BENZP,1.000000
187,BENZO2,R642,1.000000
281,HO2,R642,1.000000
105,BENZP,R643,1.000000
187,R643,BENZO2,1.000000
279,OH,R643,1.000000
32,R644,LOx,1.000000
156,BENZO,R644,1.000000
187,R644,BENZO2,1.000000
269,O3,R644,1.000000
156,BENZO,R645,1.000000
206,R645,NPHEN,1.000000
270,NO2,R645,1.000000
155,R646,AROMP4,1.000000
206,NPHEN,R646,1.000000
251,R646,R4N1,0.500000
270,R646,NO2,0.500000
279,OH,R646,1.000000
155,R647,AROMP4,1.000000
206,NPHEN,R647,1.000000
251,R647,R4N1,0.500000
260,R647,HNO3,0.500000
270,R647,NO2,1.000000
283,NO3,R647,1.000000
156,R648,BENZO,1.000000
187,BENZO2,R648,1.000000
262,R648,CH2O,1.000000
263,MO2,R648,1.000000
281,R648,HO2,1.000000
6,R649,CO2,1.000000
176,BZCO3,R649,1.000000
187,R649,BENZO2,1.000000
262,R649,CH2O,1.000000
263,MO2,R649,1.000000
281,R649,HO2,1.000000
33,R650,PCO,0.250000
155,AROMP4,R650,1.000000
207,R650,HCOOH,0.250000
218,R650,GLYX,0.600000
250,R650,RCO3,0.330000
258,R650,CO,0.250000
279,OH,R650,0.750000
281,R650,HO2,0.330000
32,R651,LOx,1.000000
33,R651,PCO,0.500000
155,AROMP4,R651,1.000000
207,R651,HCOOH,0.500000
218,R651,GLYX,0.600000
232,R651,GLYC,0.900000
258,R651,CO,0.500000
269,O3,R651,1.000000
279,R651,OH,0.100000
281,R651,HO2,0.100000
155,AROMP4,R652,1.000000
218,R652,GLYX,0.200000
255,R652,RCHO,1.200000
281,R652,HO2,0.200000
33,R653,PCO,0.250000
145,AROMP5,R653,1.000000
207,R653,HCOOH,0.100000
215,R653,ACTA,0.150000
228,R653,MGLY,0.600000
250,R653,RCO3,0.330000
258,R653,CO,0.250000
279,OH,R653,0.750000
281,R653,HO2,0.330000
32,R654,LOx,1.000000
33,R654,PCO,0.500000
145,AROMP5,R654,1.000000
207,R654,HCOOH,0.200000
215,R654,ACTA,0.300000
228,R654,MGLY,0.600000
232,R654,GLYC,0.950000
258,R654,CO,0.500000
269,O3,R654,1.000000
279,R654,OH,0.100000
281,R654,HO2,0.100000
145,AROMP5,R655,1.000000
228,R655,MGLY,0.200000
252,R655,R4O2,0.200000
255,R655,RCHO,1.200000
281,R655,HO2,0.200000
10,R656,LBRO2H,1.000000
12,BRO2,R656,1.000000
281,HO2,R656,1.000000
281,R656,HO2,1.000000
11,R657,LBRO2N,1.000000
12,BRO2,R657,1.000000
280,NO,R657,1.000000
280,R657,NO,1.000000
19,R658,LTRO2H,1.000000
21,TRO2,R658,1.000000
281,HO2,R658,1.000000
281,R658,HO2,1.000000
20,R659,LTRO2N,1.000000
21,TRO2,R659,1.000000
280,NO,R659,1.000000
280,R659,NO,1.000000
24,R660,LXRO2H,1.000000
26,XRO2,R660,1.000000
281,HO2,R660,1.000000
281,R660,HO2,1.000000
25,R661,LXRO2N,1.000000
26,XRO2,R661,1.000000
280,NO,R661,1.000000
280,R661,NO,1.000000
273,R662,H2O,1.000000
281,HO2,R662,1.000000
188,R663,HNO2,0.500000
260,R663,HNO3,0.500000
270,NO2,R663,1.000000
260,R664,HNO3,1.000000
283,NO3,R664,1.000000
58,R665,NIT,1.000000
283,NO3,R665,1.000000
59,R666,NITs,1.000000
283,NO3,R666,1.000000
169,N2O5,R667,1.000000
260,R667,HNO3,2.000000
273,H2O,R667,1.000000
169,N2O5,R668,1.000000
231,R668,ClNO2,1.000000
260,R668,HNO3,1.000000
271,HCl,R668,1.000000
169,N2O5,R669,1.000000
260,R669,HNO3,2.000000
169,N2O5,R670,1.000000
231,R670,ClNO2,1.000000
260,R670,HNO3,1.000000
278,SALACL,R670,1.000000
169,N2O5,R671,1.000000
231,R671,ClNO2,1.000000
260,R671,HNO3,1.000000
282,SALCCL,R671,1.000000
192,R672,Cl2,0.500000
278,SALACL,R672,1.000000
279,OH,R672,1.000000
192,R673,Cl2,0.500000
279,OH,R673,1.000000
282,SALCCL,R673,1.000000
172,BrNO3,R674,1.000000
256,R674,HOBr,1.000000
260,R674,HNO3,1.000000
273,H2O,R674,1.000000
132,R675,BrCl,1.000000
172,BrNO3,R675,1.000000
260,R675,HNO3,1.000000
271,HCl,R675,1.000000
259,ClNO3,R676,1.000000
260,R676,HNO3,1.000000
267,R676,HOCl,1.000000
273,H2O,R676,1.000000
192,R677,Cl2,1.000000
259,ClNO3,R677,1.000000
260,R677,HNO3,1.000000
271,HCl,R677,1.000000
132,R678,BrCl,1.000000
259,ClNO3,R678,1.000000
260,R678,HNO3,1.000000
272,HBr,R678,1.000000
132,R679,BrCl,1.000000
259,ClNO3,R679,1.000000
260,R679,HNO3,1.000000
275,BrSALA,R679,1.000000
132,R680,BrCl,1.000000
259,ClNO3,R680,1.000000
260,R680,HNO3,1.000000
276,BrSALC,R680,1.000000
192,R681,Cl2,1.000000
259,ClNO3,R681,1.000000
260,R681,HNO3,1.000000
278,SALACL,R681,1.000000
192,R682,Cl2,1.000000
259,ClNO3,R682,1.000000
260,R682,HNO3,1.000000
282,SALCCL,R682,1.000000
188,R683,HNO2,1.000000
192,R683,Cl2,1.000000
231,ClNO2,R683,1.000000
278,SALACL,R683,1.000000
188,R684,HNO2,1.000000
192,R684,Cl2,1.000000
231,ClNO2,R684,1.000000
282,SALCCL,R684,1.000000
188,R685,HNO2,1.000000
192,R685,Cl2,1.000000
231,ClNO2,R685,1.000000
271,HCl,R685,1.000000
132,R686,BrCl,1.000000
188,R686,HNO2,1.000000
231,ClNO2,R686,1.000000
275,BrSALA,R686,1.000000
132,R687,BrCl,1.000000
188,R687,HNO2,1.000000
231,ClNO2,R687,1.000000
276,BrSALC,R687,1.000000
132,R688,BrCl,1.000000
188,R688,HNO2,1.000000
231,ClNO2,R688,1.000000
272,HBr,R688,1.000000
192,R689,Cl2,1.000000
267,HOCl,R689,1.000000
271,HCl,R689,1.000000
273,R689,H2O,1.000000
132,R690,BrCl,1.000000
267,HOCl,R690,1.000000
272,HBr,R690,1.000000
273,R690,H2O,1.000000
192,R691,Cl2,1.000000
267,HOCl,R691,1.000000
273,R691,H2O,1.000000
278,SALACL,R691,1.000000
192,R692,Cl2,1.000000
267,HOCl,R692,1.000000
273,R692,H2O,1.000000
282,SALCCL,R692,1.000000
28,R693,SO4s,1.000000
267,HOCl,R693,1.000000
271,R693,HCl,1.000000
286,SO2,R693,1.000000
124,R694,Br2,1.000000
256,HOBr,R694,1.000000
272,HBr,R694,1.000000
273,R694,H2O,1.000000
132,R695,BrCl,1.000000
256,HOBr,R695,1.000000
271,HCl,R695,1.000000
273,R695,H2O,1.000000
132,R696,BrCl,1.000000
256,HOBr,R696,1.000000
273,R696,H2O,1.000000
278,SALACL,R696,1.000000
132,R697,BrCl,1.000000
256,HOBr,R697,1.000000
273,R697,H2O,1.000000
282,SALCCL,R697,1.000000
124,R698,Br2,1.000000
256,HOBr,R698,1.000000
275,BrSALA,R698,1.000000
124,R699,Br2,1.000000
256,HOBr,R699,1.000000
276,BrSALC,R699,1.000000
28,R700,SO4s,1.000000
256,HOBr,R700,1.000000
272,R700,HBr,1.000000
286,SO2,R700,1.000000
32,R701,LOx,1.000000
256,R701,HOBr,1.000000
269,O3,R701,1.000000
272,HBr,R701,1.000000
32,R702,LOx,1.000000
256,R702,HOBr,1.000000
269,O3,R702,1.000000
275,BrSALA,R702,1.000000
32,R703,LOx,1.000000
256,R703,HOBr,1.000000
269,O3,R703,1.000000
276,BrSALC,R703,1.000000
272,HBr,R704,1.000000
275,R704,BrSALA,1.000000
272,HBr,R705,1.000000
276,R705,BrSALC,1.000000
4,R706,AERI,1.000000
65,HI,R706,1.000000
8,R707,ISALA,1.000000
65,HI,R707,1.000000
9,R708,ISALC,1.000000
65,HI,R708,1.000000
4,R709,AERI,2.000000
40,I2O2,R709,1.000000
8,R710,ISALA,2.000000
40,I2O2,R710,1.000000
9,R711,ISALC,2.000000
40,I2O2,R711,1.000000
4,R712,AERI,2.000000
47,I2O3,R712,1.000000
8,R713,ISALA,2.000000
47,I2O3,R713,1.000000
9,R714,ISALC,2.000000
47,I2O3,R714,1.000000
4,R715,AERI,2.000000
38,I2O4,R715,1.000000
8,R716,ISALA,2.000000
38,I2O4,R716,1.000000
9,R717,ISALC,2.000000
38,I2O4,R717,1.000000
260,R718,HNO3,1.000000
264,R718,HOI,1.000000
266,IONO2,R718,1.000000
273,H2O,R718,1.000000
69,R719,IBr,1.000000
188,R719,HNO2,1.000000
199,IONO,R719,1.000000
275,BrSALA,R719,1.000000
69,R720,IBr,1.000000
188,R720,HNO2,1.000000
199,IONO,R720,1.000000
276,BrSALC,R720,1.000000
98,R721,ICl,1.000000
188,R721,HNO2,1.000000
199,IONO,R721,1.000000
278,SALACL,R721,1.000000
98,R722,ICl,1.000000
188,R722,HNO2,1.000000
199,IONO,R722,1.000000
282,SALCCL,R722,1.000000
69,R723,IBr,1.000000
260,R723,HNO3,1.000000
266,IONO2,R723,1.000000
275,BrSALA,R723,1.000000
69,R724,IBr,1.000000
260,R724,HNO3,1.000000
266,IONO2,R724,1.000000
276,BrSALC,R724,1.000000
98,R725,ICl,1.000000
260,R725,HNO3,1.000000
266,IONO2,R725,1.000000
278,SALACL,R725,1.000000
98,R726,ICl,1.000000
260,R726,HNO3,1.000000
266,IONO2,R726,1.000000
282,SALCCL,R726,1.000000
69,R727,IBr,1.000000
264,HOI,R727,1.000000
275,BrSALA,R727,1.000000
69,R728,IBr,1.000000
264,HOI,R728,1.000000
276,BrSALC,R728,1.000000
98,R729,ICl,1.000000
264,HOI,R729,1.000000
278,SALACL,R729,1.000000
98,R730,ICl,1.000000
264,HOI,R730,1.000000
282,SALCCL,R730,1.000000
29,R731,SOAGX,1.000000
218,GLYX,R731,1.000000
29,R732,SOAGX,1.000000
228,MGLY,R732,1.000000
30,R733,SOAIE,1.000000
127,IEPOXA,R733,1.000000
30,R734,SOAIE,1.000000
128,IEPOXB,R734,1.000000
30,R735,SOAIE,1.000000
115,IEPOXD,R735,1.000000
22,R736,LVOCOA,1.000000
23,LVOC,R736,1.000000
96,R737,IONITA,1.000000
237,MVKN,R737,1.000000
96,R738,IONITA,1.000000
198,R4N2,R738,1.000000
41,R739,MONITA,1.000000
174,MONITS,R739,1.000000
41,R740,MONITA,1.000000
196,MONITU,R740,1.000000
41,R741,MONITA,1.000000
131,HONIT,R741,1.000000
29,R742,SOAGX,1.000000
104,PYAC,R742,1.000000
30,R743,SOAIE,1.000000
84,HMML,R743,1.000000
96,R744,IONITA,1.000000
216,IHN1,R744,1.000000
96,R745,IONITA,1.000000
136,IHN2,R745,1.000000
96,R746,IONITA,1.000000
137,IHN3,R746,1.000000
96,R747,IONITA,1.000000
210,IHN4,R747,1.000000
30,R748,SOAIE,1.000000
170,ICHE,R748,1.000000
96,R749,IONITA,1.000000
147,INPD,R749,1.000000
96,R750,IONITA,1.000000
177,INPB,R750,1.000000
96,R751,IONITA,1.000000
239,IDN,R751,1.000000
96,R752,IONITA,1.000000
209,ITCN,R752,1.000000
96,R753,IONITA,1.000000
238,ITHN,R753,1.000000
96,R754,IONITA,1.000000
171,MCRHNB,R754,1.000000
96,R755,IONITA,1.000000
195,MCRHN,R755,1.000000
5,R756,AONITA,1.000000
206,NPHEN,R756,1.000000
32,R757,LOx,1.000000
269,O3,R757,1.000000
284,R757,O,1.000000
32,R758,LOx,1.000000
268,R758,O1D,1.000000
269,O3,R758,1.000000
284,R759,O,2.000000
270,NO2,R760,1.000000
280,R760,NO,1.000000
284,R760,O,1.000000
208,H2O2,R761,1.000000
279,R761,OH,2.000000
134,MP,R762,1.000000
262,R762,CH2O,1.000000
279,R762,OH,1.000000
281,R762,HO2,1.000000
33,R763,PCO,1.000000
173,R763,H,1.000000
258,R763,CO,1.000000
262,CH2O,R763,1.000000
281,R763,HO2,1.000000
33,R764,PCO,1.000000
258,R764,CO,1.000000
262,CH2O,R764,1.000000
260,HNO3,R765,1.000000
270,R765,NO2,1.000000
279,R765,OH,1.000000
188,HNO2,R766,1.000000
279,R766,OH,1.000000
280,R766,NO,1.000000
101,HNO4,R767,1.000000
279,R767,OH,1.000000
283,R767,NO3,1.000000
101,HNO4,R768,1.000000
270,R768,NO2,1.000000
281,R768,HO2,1.000000
270,R769,NO2,1.000000
283,NO3,R769,1.000000
284,R769,O,1.000000
280,R770,NO,1.000000
283,NO3,R770,1.000000
169,N2O5,R771,1.000000
270,R771,NO2,1.000000
283,R771,NO3,1.000000
33,R772,PCO,0.880000
257,R772,MCO3,0.120000
258,R772,CO,0.880000
261,ALD2,R772,1.000000
263,R772,MO2,0.880000
281,R772,HO2,1.000000
33,R773,PCO,1.000000
186,R773,CH4,1.000000
258,R773,CO,1.000000
261,ALD2,R773,1.000000
63,PAN,R774,1.000000
257,R774,MCO3,0.700000
263,R774,MO2,0.300000
270,R774,NO2,0.700000
283,R774,NO3,0.300000
33,R775,PCO,1.000000
233,R775,A3O2,0.070000
235,R775,OTHRO2,0.500000
253,R775,B3O2,0.270000
255,RCHO,R775,1.000000
258,R775,CO,1.000000
281,R775,HO2,1.000000
219,ACET,R776,1.000000
257,R776,MCO3,1.000000
263,R776,MO2,1.000000
33,R777,PCO,1.000000
219,ACET,R777,1.000000
258,R777,CO,1.000000
263,R777,MO2,2.000000
222,MEK,R778,1.000000
233,R778,A3O2,0.060000
235,R778,OTHRO2,0.425000
250,R778,RCO3,0.150000
253,R778,B3O2,0.230000
257,R778,MCO3,0.850000
263,R778,MO2,0.150000
33,R779,PCO,1.000000
214,R779,MOH,0.100000
232,GLYC,R779,1.000000
258,R779,CO,1.000000
262,R779,CH2O,0.900000
279,R779,OH,0.070000
281,R779,HO2,1.730000
33,R780,PCO,2.000000
218,GLYX,R780,1.000000
258,R780,CO,2.000000
281,R780,HO2,2.000000
33,R781,PCO,2.000000
218,GLYX,R781,1.000000
258,R781,CO,2.000000
33,R782,PCO,1.000000
218,GLYX,R782,1.000000
258,R782,CO,1.000000
262,R782,CH2O,1.000000
33,R783,PCO,1.000000
228,MGLY,R783,1.000000
257,R783,MCO3,1.000000
258,R783,CO,1.000000
281,R783,HO2,1.000000
33,R784,PCO,1.000000
244,MVK,R784,1.000000
254,R784,PRPE,1.000000
258,R784,CO,1.000000
33,R785,PCO,1.000000
244,MVK,R785,1.000000
257,R785,MCO3,1.000000
258,R785,CO,1.000000
262,R785,CH2O,1.000000
281,R785,HO2,1.000000
244,MVK,R786,1.000000
250,R786,RCO3,1.000000
263,R786,MO2,1.000000
33,R787,PCO,1.000000
247,MACR,R787,1.000000
257,R787,MCO3,1.000000
258,R787,CO,1.000000
262,R787,CH2O,1.000000
281,R787,HO2,1.000000
246,HAC,R788,1.000000
257,R788,MCO3,1.000000
262,R788,CH2O,1.000000
281,R788,HO2,1.000000
112,PRPN,R789,1.000000
255,R789,RCHO,1.000000
270,R789,NO2,1.000000
279,R789,OH,1.000000
281,R789,HO2,1.000000
109,ETP,R790,1.000000
261,R790,ALD2,1.000000
279,R790,OH,1.000000
281,R790,HO2,1.000000
92,RA3P,R791,1.000000
255,R791,RCHO,1.000000
279,R791,OH,1.000000
281,R791,HO2,1.000000
93,RB3P,R792,1.000000
219,R792,ACET,1.000000
279,R792,OH,1.000000
281,R792,HO2,1.000000
91,R4P,R793,1.000000
255,R793,RCHO,1.000000
279,R793,OH,1.000000
281,R793,HO2,1.000000
111,PP,R794,1.000000
261,R794,ALD2,1.000000
262,R794,CH2O,1.000000
279,R794,OH,1.000000
281,R794,HO2,1.000000
94,RP,R795,1.000000
261,R795,ALD2,1.000000
279,R795,OH,1.000000
281,R795,HO2,1.000000
198,R4N2,R796,1.000000
219,R796,ACET,0.320000
222,R796,MEK,0.190000
233,R796,A3O2,0.050000
235,R796,OTHRO2,0.320000
253,R796,B3O2,0.180000
255,R796,RCHO,0.130000
261,R796,ALD2,0.320000
263,R796,MO2,0.180000
270,R796,NO2,1.000000
281,R796,HO2,0.270000
66,MAP,R797,1.000000
263,R797,MO2,1.000000
279,R797,OH,1.000000
124,Br2,R798,1.000000
287,R798,Br,2.000000
274,BrO,R799,1.000000
284,R799,O,1.000000
287,R799,Br,1.000000
256,HOBr,R800,1.000000
279,R800,OH,1.000000
287,R800,Br,1.000000
172,BrNO3,R801,1.000000
283,R801,NO3,1.000000
287,R801,Br,1.000000
172,BrNO3,R802,1.000000
270,R802,NO2,1.000000
274,R802,BrO,1.000000
50,BrNO2,R803,1.000000
270,R803,NO2,1.000000
287,R803,Br,1.000000
74,CHBr3,R804,1.000000
287,R804,Br,3.000000
70,CH2Br2,R805,1.000000
287,R805,Br,2.000000
97,CH3Br,R806,1.000000
263,R806,MO2,1.000000
287,R806,Br,1.000000
100,CH3Cl,R807,1.000000
263,R807,MO2,1.000000
285,R807,Cl,1.000000
73,CH2Cl2,R808,1.000000
285,R808,Cl,2.000000
132,BrCl,R809,1.000000
285,R809,Cl,1.000000
287,R809,Br,1.000000
192,Cl2,R810,1.000000
285,R810,Cl,2.000000
277,ClO,R811,1.000000
284,R811,O,1.000000
285,R811,Cl,1.000000
107,OClO,R812,1.000000
277,R812,ClO,1.000000
284,R812,O,1.000000
72,Cl2O2,R813,1.000000
103,R813,ClOO,1.000000
285,R813,Cl,1.000000
231,ClNO2,R814,1.000000
270,R814,NO2,1.000000
285,R814,Cl,1.000000
259,ClNO3,R815,1.000000
283,R815,NO3,1.000000
285,R815,Cl,1.000000
259,ClNO3,R816,1.000000
270,R816,NO2,1.000000
277,R816,ClO,1.000000
267,HOCl,R817,1.000000
279,R817,OH,1.000000
285,R817,Cl,1.000000
39,CH3CCl3,R818,1.000000
285,R818,Cl,3.000000
51,CCl4,R819,1.000000
285,R819,Cl,4.000000
52,CFC11,R820,1.000000
285,R820,Cl,3.000000
53,CFC12,R821,1.000000
285,R821,Cl,2.000000
48,CFC113,R822,1.000000
285,R822,Cl,3.000000
42,CFC114,R823,1.000000
285,R823,Cl,2.000000
46,CFC115,R824,1.000000
285,R824,Cl,1.000000
78,HCFC123,R825,1.000000
285,R825,Cl,2.000000
79,HCFC141b,R826,1.000000
285,R826,Cl,2.000000
80,HCFC142b,R827,1.000000
285,R827,Cl,1.000000
81,HCFC22,R828,1.000000
285,R828,Cl,1.000000
44,H1301,R829,1.000000
287,R829,Br,1.000000
55,H1211,R830,1.000000
285,R830,Cl,1.000000
287,R830,Br,1.000000
45,H2402,R831,1.000000
287,R831,Br,2.000000
103,ClOO,R832,1.000000
285,R832,Cl,1.000000
139,I2,R833,1.000000
265,R833,I,2.000000
264,HOI,R834,1.000000
265,R834,I,1.000000
279,R834,OH,1.000000
223,IO,R835,1.000000
265,R835,I,1.000000
284,R835,O,1.000000
90,OIO,R836,1.000000
265,R836,I,1.000000
56,INO,R837,1.000000
265,R837,I,1.000000
280,R837,NO,1.000000
199,IONO,R838,1.000000
265,R838,I,1.000000
270,R838,NO2,1.000000
265,R839,I,1.000000
266,IONO2,R839,1.000000
283,R839,NO3,1.000000
40,I2O2,R840,1.000000
90,R840,OIO,1.000000
265,R840,I,1.000000
43,CH3I,R841,1.000000
265,R841,I,1.000000
1,CH2I2,R842,1.000000
265,R842,I,2.000000
3,CH2ICl,R843,1.000000
265,R843,I,1.000000
285,R843,Cl,1.000000
2,CH2IBr,R844,1.000000
265,R844,I,1.000000
287,R844,Br,1.000000
38,I2O4,R845,1.000000
90,R845,OIO,2.000000
47,I2O3,R846,1.000000
90,R846,OIO,1.000000
223,R846,IO,1.000000
69,IBr,R847,1.000000
265,R847,I,1.000000
287,R847,Br,1.000000
98,ICl,R848,1.000000
265,R848,I,1.000000
285,R848,Cl,1.000000
71,MPN,R849,1.000000
262,R849,CH2O,1.000000
281,R849,HO2,1.000000
283,R849,NO3,1.000000
71,MPN,R850,1.000000
263,R850,MO2,1.000000
270,R850,NO2,1.000000
193,ATOOH,R851,1.000000
257,R851,MCO3,1.000000
262,R851,CH2O,1.000000
279,R851,OH,1.000000
57,N2O,R852,1.000000
268,R852,O1D,1.000000
33,R853,PCO,1.000000
62,OCS,R853,1.000000
258,R853,CO,1.000000
286,R853,SO2,1.000000
108,SO4,R854,1.000000
279,R854,OH,2.000000
286,R854,SO2,1.000000
61,R855,N,1.000000
280,NO,R855,1.000000
284,R855,O,1.000000
119,PIP,R856,1.000000
255,R856,RCHO,1.000000
279,R856,OH,1.000000
281,R856,HO2,1.000000
33,R857,PCO,1.000000
205,ETHLN,R857,1.000000
258,R857,CO,1.000000
262,R857,CH2O,1.000000
270,R857,NO2,1.000000
281,R857,HO2,1.000000
174,MONITS,R858,1.000000
222,R858,MEK,1.000000
270,R858,NO2,1.000000
196,MONITU,R859,1.000000
255,R859,RCHO,1.000000
270,R859,NO2,1.000000
131,HONIT,R860,1.000000
246,R860,HAC,1.000000
270,R860,NO2,1.000000
59,NITs,R861,1.000000
188,R861,HNO2,1.000000
59,NITs,R862,1.000000
270,R862,NO2,1.000000
58,NIT,R863,1.000000
188,R863,HNO2,1.000000
58,NIT,R864,1.000000
270,R864,NO2,1.000000
87,MENO3,R865,1.000000
262,R865,CH2O,1.000000
270,R865,NO2,1.000000
281,R865,HO2,1.000000
88,ETNO3,R866,1.000000
261,R866,ALD2,1.000000
270,R866,NO2,1.000000
281,R866,HO2,1.000000
86,IPRNO3,R867,1.000000
219,R867,ACET,1.000000
270,R867,NO2,1.000000
281,R867,HO2,1.000000
89,NPRNO3,R868,1.000000
255,R868,RCHO,1.000000
270,R868,NO2,1.000000
281,R868,HO2,1.000000
83,HMHP,R869,1.000000
262,R869,CH2O,1.000000
279,R869,OH,2.000000
33,R870,PCO,1.000000
168,HPETHNL,R870,1.000000
258,R870,CO,1.000000
262,R870,CH2O,1.000000
279,R870,OH,1.000000
281,R870,HO2,1.000000
6,R871,CO2,1.000000
104,PYAC,R871,1.000000
257,R871,MCO3,1.000000
281,R871,HO2,1.000000
194,PROPNN,R872,1.000000
257,R872,MCO3,1.000000
262,R872,CH2O,1.000000
270,R872,NO2,1.000000
33,R873,PCO,1.000000
166,MVKHC,R873,1.000000
257,R873,MCO3,1.000000
258,R873,CO,1.000000
262,R873,CH2O,1.000000
281,R873,HO2,1.000000
33,R874,PCO,0.500000
181,MVKHCB,R874,1.000000
218,R874,GLYX,0.500000
228,R874,MGLY,0.500000
257,R874,MCO3,0.500000
258,R874,CO,0.500000
281,R874,HO2,1.500000
226,MVKHP,R875,1.000000
228,R875,MGLY,0.470000
232,R875,GLYC,0.530000
257,R875,MCO3,0.530000
262,R875,CH2O,0.470000
279,R875,OH,1.000000
281,R875,HO2,0.470000
33,R876,PCO,0.571000
152,MVKPC,R876,1.000000
218,R876,GLYX,0.429000
228,R876,MGLY,0.571000
257,R876,MCO3,0.429000
258,R876,CO,0.571000
279,R876,OH,1.000000
281,R876,HO2,0.571000
33,R877,PCO,0.875000
104,R877,PYAC,0.750000
160,MCRENOL,R877,1.000000
218,R877,GLYX,0.125000
228,R877,MGLY,0.125000
257,R877,MCO3,0.125000
258,R877,CO,0.875000
279,R877,OH,1.750000
281,R877,HO2,0.125000
33,R878,PCO,0.770000
227,MCRHP,R878,1.000000
228,R878,MGLY,0.230000
246,R878,HAC,0.770000
258,R878,CO,0.770000
262,R878,CH2O,0.230000
279,R878,OH,1.000000
281,R878,HO2,1.000000
6,R879,CO2,1.238000
133,MACR1OOH,R879,0.750000
257,R879,MCO3,0.262000
262,R879,CH2O,0.750000
263,R879,MO2,0.488000
279,R879,OH,0.750000
205,R880,ETHLN,0.300000
232,R880,GLYC,0.690000
237,MVKN,R880,1.000000
257,R880,MCO3,1.010000
270,R880,NO2,0.700000
279,R880,OH,0.010000
281,R880,HO2,0.290000
33,R881,PCO,1.000000
195,MCRHN,R881,1.000000
246,R881,HAC,1.000000
258,R881,CO,1.000000
270,R881,NO2,1.000000
281,R881,HO2,1.000000
33,R882,PCO,1.000000
171,MCRHNB,R882,1.000000
194,R882,PROPNN,1.000000
258,R882,CO,1.000000
279,R882,OH,1.000000
281,R882,HO2,1.000000
153,RIPA,R883,1.000000
244,R883,MVK,1.000000
262,R883,CH2O,1.000000
279,R883,OH,1.000000
281,R883,HO2,1.000000
158,RIPB,R884,1.000000
247,R884,MACR,1.000000
262,R884,CH2O,1.000000
279,R884,OH,1.000000
281,R884,HO2,1.000000
167,RIPC,R885,1.000000
189,R885,HC5A,1.000000
279,R885,OH,1.000000
281,R885,HO2,1.000000
161,RIPD,R886,1.000000
189,R886,HC5A,1.000000
279,R886,OH,1.000000
281,R886,HO2,1.000000
33,R887,PCO,0.888000
106,R887,IDC,0.112000
141,R887,C4HVP1,0.224000
152,R887,MVKPC,0.112000
160,R887,MCRENOL,0.552000
182,HPALD1,R887,1.000000
258,R887,CO,0.888000
279,R887,OH,1.662000
281,R887,HO2,0.112000
33,R888,PCO,0.818000
106,R888,IDC,0.182000
142,R888,C4HVP2,0.182000
152,R888,MVKPC,0.182000
160,R888,MCRENOL,0.455000
184,HPALD2,R888,1.000000
258,R888,CO,0.818000
279,R888,OH,1.637000
281,R888,HO2,0.182000
33,R889,PCO,1.000000
125,HPALD3,R889,1.000000
244,R889,MVK,1.000000
258,R889,CO,1.000000
279,R889,OH,1.000000
281,R889,HO2,1.000000
33,R890,PCO,1.000000
126,HPALD4,R890,1.000000
247,R890,MACR,1.000000
258,R890,CO,1.000000
279,R890,OH,1.000000
281,R890,HO2,1.000000
33,R891,PCO,0.550000
189,R891,HC5A,0.450000
216,IHN1,R891,1.000000
226,R891,MVKHP,0.550000
258,R891,CO,0.550000
270,R891,NO2,1.000000
279,R891,OH,0.550000
281,R891,HO2,0.450000
136,IHN2,R892,1.000000
244,R892,MVK,1.000000
262,R892,CH2O,1.000000
270,R892,NO2,1.000000
281,R892,HO2,1.000000
137,IHN3,R893,1.000000
247,R893,MACR,1.000000
262,R893,CH2O,1.000000
270,R893,NO2,1.000000
281,R893,HO2,1.000000
33,R894,PCO,0.550000
189,R894,HC5A,0.450000
210,IHN4,R894,1.000000
227,R894,MCRHP,0.550000
258,R894,CO,0.550000
270,R894,NO2,1.000000
279,R894,OH,0.550000
281,R894,HO2,0.450000
177,INPB,R895,1.000000
244,R895,MVK,0.903000
247,R895,MACR,0.097000
262,R895,CH2O,1.000000
270,R895,NO2,1.000000
279,R895,OH,0.670000
281,R895,HO2,0.330000
123,R896,INA,0.841000
147,INPD,R896,1.000000
236,R896,ICN,0.159000
279,R896,OH,1.000000
281,R896,HO2,0.159000
147,INPD,R897,1.000000
242,R897,IHOO1,0.841000
243,R897,IHOO4,0.159000
270,R897,NO2,1.000000
33,R898,PCO,0.839000
106,R898,IDC,0.161000
141,R898,C4HVP1,0.068000
142,R898,C4HVP2,0.128000
152,R898,MVKPC,0.162000
160,R898,MCRENOL,0.481000
236,ICN,R898,1.000000
258,R898,CO,0.839000
270,R898,NO2,1.000000
279,R898,OH,0.645000
281,R898,HO2,0.161000
123,R899,INA,0.227000
232,R899,GLYC,0.500000
236,R899,ICN,0.228000
239,IDN,R899,1.000000
244,R899,MVK,0.050000
246,R899,HAC,0.500000
247,R899,MACR,0.005000
262,R899,CH2O,0.055000
270,R899,NO2,1.555000
281,R899,HO2,0.228000
33,R900,PCO,1.000000
116,R900,MVKDH,0.350000
130,R900,MCRDH,0.150000
202,ICPDH,R900,1.000000
227,R900,MCRHP,0.500000
258,R900,CO,1.000000
279,R900,OH,0.500000
281,R900,HO2,1.500000
33,R901,PCO,0.122000
130,R901,MCRDH,0.122000
181,R901,MVKHCB,0.100000
202,ICPDH,R901,1.000000
218,R901,GLYX,0.438000
228,R901,MGLY,0.088000
232,R901,GLYC,0.088000
246,R901,HAC,0.438000
258,R901,CO,0.122000
262,R901,CH2O,0.100000
279,R901,OH,1.000000
281,R901,HO2,1.000000
140,IDHDP,R902,1.000000
202,R902,ICPDH,0.750000
232,R902,GLYC,0.250000
246,R902,HAC,0.250000
279,R902,OH,1.250000
281,R902,HO2,0.750000
159,IDHPE,R903,1.000000
218,R903,GLYX,0.571000
228,R903,MGLY,0.429000
232,R903,GLYC,0.429000
246,R903,HAC,0.571000
279,R903,OH,1.000000
281,R903,HO2,1.000000
33,R904,PCO,1.000000
122,IDCHP,R904,1.000000
152,R904,MVKPC,0.454000
166,R904,MVKHC,0.391000
181,R904,MVKHCB,0.155000
258,R904,CO,1.000000
279,R904,OH,0.546000
281,R904,HO2,1.454000
195,R905,MCRHN,0.500000
205,R905,ETHLN,0.150000
232,R905,GLYC,0.300000
237,R905,MVKN,0.050000
238,ITHN,R905,1.000000
246,R905,HAC,0.450000
262,R905,CH2O,0.550000
270,R905,NO2,0.300000
279,R905,OH,1.000000
281,R905,HO2,0.700000
168,R906,HPETHNL,0.500000
193,R906,ATOOH,0.050000
227,R906,MCRHP,0.150000
232,R906,GLYC,0.350000
238,ITHN,R906,1.000000
246,R906,HAC,0.800000
262,R906,CH2O,0.150000
270,R906,NO2,1.000000
279,R906,OH,0.300000
281,R906,HO2,0.700000
209,ITCN,R907,1.000000
228,R907,MGLY,1.000000
232,R907,GLYC,1.000000
270,R907,NO2,1.000000
279,R907,OH,1.000000
33,R908,PCO,1.000000
209,ITCN,R908,1.000000
226,R908,MVKHP,0.500000
227,R908,MCRHP,0.500000
258,R908,CO,1.000000
270,R908,NO2,1.000000
281,R908,HO2,1.000000
102,R909,ETO,1.000000
114,ETHP,R909,1.000000
279,R909,OH,1.000000
33,R910,PCO,1.000000
99,BALD,R910,1.000000
187,R910,BENZO2,1.000000
258,R910,CO,1.000000
281,R910,HO2,1.000000
6,R911,CO2,1.000000
67,BZCO3H,R911,1.000000
187,R911,BENZO2,1.000000
279,R911,OH,1.000000
105,BENZP,R912,1.000000
156,R912,BENZO,1.000000
6,R913,CO2,1.000000
33,R913,PCO,1.000000
155,R913,AROMP4,1.000000
188,R913,HNO2,1.000000
206,NPHEN,R913,1.000000
258,R913,CO,1.000000
281,R913,HO2,1.000000
